revolving_util,age,past_due_30_59,debt_ratio,monthly_income,open_credit_lines,times_90_late,real_estate_loans,past_due_60_89,dependents
-0.012896931143638818,-0.0028946898983107988,-0.003233455742307803,-0.0004752802970398481,0.00027100323590537116,0.0007958622016113918,-0.008931426190630462,-0.00016524855413113762,-0.02111958810159859,-4.728885277201951e-05
0.002597779135902742,-0.011769447465398921,-0.0031562314555572983,0.002687930205090098,0.004627117764973078,-0.007734405198147928,0.0,-0.002797932917168328,0.0,0.00038927912216824256
-0.008427141138551399,-0.0015895666613707344,-0.012684628814873963,-0.0003586321344867346,-0.0019127980358656608,-0.0017507545128259143,0.0,-0.0012171030136544836,-0.0033993316674822754,-2.3240540847898823e-05
-0.004113759832245987,-0.002368842131695148,0.0,0.0001661182378588382,-0.0003229544525055731,-5.6744080613817946e-05,-0.0246151530166879,-0.0009204036348272628,0.0,-1.584654859245957e-05
-0.0076254343590456365,-0.003635704213769338,-0.0049215758808919315,-0.0002521524765750939,-0.0003652642002058386,0.0013760788998835242,0.0,-0.0008120893188986119,0.0,-2.1428932566821406e-05
-0.020772490422099815,-0.002654017465092141,0.0,0.0002013532449124592,-0.0003999590487082284,-0.000930809406684744,0.0,-0.001578118526274285,0.0,-0.0002294965019305601
-0.008404656186242386,-0.0013443084239788822,-0.001391028861546539,-0.0001267577566289318,-0.0008082907829553943,-0.0016114320699619107,0.0,-0.0003298551394675499,0.0,1.8551952786944725e-05
-0.09730828303656067,0.056259737801869304,0.0850754642046134,0.007808575089017977,0.09478287231319046,0.07692634159713958,0.021070416543319315,-0.034659464255185256,0.04168157380283832,-0.01264444278387462
-0.016051944065559424,0.0028287329474626297,-0.007781779767292855,-0.004082936178468927,-0.0002648993671469198,-0.0035972471067438395,0.0,-0.0007016541411313194,-0.02187727075825945,-0.00083343666844572
-0.05727322472642402,0.005369785922789028,0.014925403721576063,0.00366454350884808,-0.002910286093931507,-0.0021133469025140746,-0.015000247874805805,-0.0029459447984624748,0.0,-0.0004172522722314262
-0.016209395307215567,0.0013055431860080455,-0.002259899427774878,0.0006446261053279758,-0.0011944089440817048,-0.0021607400311683084,0.0,-0.0012176915549846983,-0.005042369019042982,5.1944896276243276e-05
-0.02037641899331614,0.00029802366254261714,-0.00786482666885545,-0.0045635615898206834,-0.0017853769662517186,0.0027344744982127325,-0.008548868914507946,-0.004201556298214334,0.0,0.00024197029384852073
-0.01317860178815645,-0.001811548382822568,-0.006815984025245468,-1.5765331268175267e-05,-8.904674826580037e-05,-0.000993012329296534,-0.022443472165234846,-0.0017272719372598254,-0.004368862099732286,-0.0002098333474328102
0.05243026764214964,-0.030524830897853107,-0.023203464290203153,-0.029174161311230618,-0.00022165169103352048,0.025075940688943133,-0.01599109173249435,-0.000215565928944228,0.0,0.000736748651694065
-0.0035898655368575027,-0.004206526220819956,-0.009406573107793885,-0.0005520447863172065,0.002343262684874766,-0.0020793746505216033,-0.006551228843451121,-0.0014695058710353908,-0.009361210446946048,-0.00010382034568302435
0.08234107690017833,0.01781369133327242,-0.012844463253872961,-0.02612363216481266,0.022980553160512535,-0.015604090026898387,0.0,0.006079769072105451,0.0,0.030755769729278532
0.004618829142635025,0.006778048975505093,-0.014227219262999833,-0.007087984261346575,0.00018514401738725303,-0.007840698938551747,0.0,-0.002234759311873815,-0.011544856729175384,-0.000209317627784468
0.024841741219391457,-0.006703760441153247,-0.03835720753139192,0.0006127359912117263,0.009993078673521408,-0.022146204496426364,0.0,0.0037674743899733477,0.0,-0.0022267279609297285
-0.005626179069278337,-0.001975398827332607,0.0,-2.95688150232145e-06,-0.0020088828609837765,-0.001563540991551452,-0.027244322098194423,-0.0005038515020321001,0.0,5.907372445181774e-06
-0.0012391017962475493,0.0028736479559250986,-0.009465826731347899,-0.0008170937853637275,0.0023430645074790394,-0.008312014523490053,0.0,0.0021413134172762333,0.0,0.004868287059529429
0.0608731341187597,0.02117871063844914,-0.018632741072780182,-0.012676617753013219,-0.018460646098963144,-0.056511302836619905,0.0,-0.0031575693892513523,0.0,0.006051396481597013
-0.024599694605769575,0.00331374588775497,-0.003217625438936804,-0.00039508550014212725,0.001015445319462417,-0.0027124428483208114,0.0,0.00043230393410810774,0.0,0.00022799850755751
0.05282932373438295,0.008181976300829617,-0.024528105516401923,-0.035419207449126154,-0.018909922317037677,-0.019537175296439134,-0.024430393987944422,-0.0019118676140811683,0.0,-0.0010525934483989973
0.004729462333776314,-0.0056470298130748475,0.0,-0.0029290722800618314,-0.0015944415216300567,-0.0009366465047196112,-0.003911698598812624,-0.0007725305918279537,-0.004745161547880092,-0.0002244473868926367
0.017973331538450998,-0.040968785803968046,-0.07210308568272493,0.0017475397797983802,0.004501854483317842,0.0016381201589506275,0.0,-0.01449713131146009,-0.024365349624717748,-0.005676172638328524
-0.009087302603385467,-0.002385890544758175,-0.0031719201435491777,0.00019972939290120105,-0.00031722423890835486,-0.0009910565353305465,0.0,-0.0009230580950771313,0.0,-0.00027351756114058813
-0.007452137803090996,0.001235212049227825,-0.006267925930697577,0.0002493846002217099,-0.0018985709707761513,-0.0018293902617524294,0.0,-0.001767908156590204,-0.006377146117466076,8.360530611132532e-05
0.010904410236184995,-0.014128895237556666,-0.03116045358178171,-0.0021022447957473648,0.00153773628401108,-0.006874193097804543,-0.012687627982150987,-0.0010462080428092963,-0.010692502211736149,-0.0002658522827152246
-0.009588646786064421,-0.001929157735169829,-0.007520677399395148,-0.0002563551261735387,0.000325890760899692,0.001256962409172221,0.0,-0.0029016914821503835,0.0,-0.00011435445187104962
-0.009996316246524587,-0.018022036860486684,0.050395503230049286,-0.04151580980254323,-0.01287880293981596,0.006729262406965886,0.0,0.00012357069471465032,0.0,-0.00010363410956143043
0.0017669062691720902,-0.0021752328672984293,-0.00968892230378284,-0.0002657294925857633,-0.00036069969563545454,-0.001256983999310755,0.0,-0.0005122838308956712,0.0,2.552159065665593e-05
0.1719779115023268,0.006675292020818524,0.0,0.040129089288866236,0.02652437924084955,0.022460729489484473,0.2561066097079799,-0.012856144631820676,0.21675072828525543,0.009458672590483292
-0.011788895064194999,-0.003844392537001885,-0.0013198239662975885,-0.00043477282035224646,-0.0008269710324518151,0.0007193638964158561,-0.007804293301179305,-0.0005047390027547453,0.0,-1.868684047538066e-05
0.0136172628272307,0.024853777115978835,0.0,-0.018746170138872066,-0.011603221187844284,0.03481311207976528,0.0,-0.005635326106158335,0.0,-0.0038683999902507232
-0.00420528207004779,0.0004168766194314885,-0.019194543070918828,-0.0003501519923434922,-0.001017025610618462,-0.0004889606145333465,0.0,-0.0012005045634027912,0.0,0.00041581748087380114
-0.03525720223158922,-0.014019494097554522,0.15684306386448568,0.09155011888721307,0.008577839006614563,0.012165844060418488,0.0,0.06147854424565382,-0.07626686135500489,0.0012972124878660395
0.11715471261227968,-0.06705352628839009,0.0,0.06167903904442743,-0.04281793391148446,0.015205084534487878,-0.08911516182869438,0.020590389500252253,0.0,-6.332655591556046e-05
-0.04738593763315423,0.014040662572688763,-0.04175749093961321,0.022338227842215532,-0.0020717877990198757,-0.007281791095400281,-0.022030598254218693,0.037990274252117304,-0.015865110483643148,-6.51838472314703e-05
-0.02644856032575561,0.008516050470251012,-0.010870135921696897,-0.002124262035496882,0.0002842727066357985,-0.00965985874933389,-0.009321909735026147,-0.00031003444498157903,0.0,-0.00042022885135438795
-0.01813493130026985,-0.03894437577484551,-0.010094653688247059,0.0006790753042098762,-0.006830004653806376,0.0007215169611962593,0.0,0.02337367135719587,0.0,-7.465113504455945e-05
-0.0017418413712352587,-0.0046962562793854325,-0.0019352158054512132,-0.0012290709330575744,-0.00106105672314195,-0.0015927812748685523,0.0,0.00023015180965176886,-0.004013535685777973,-7.048211711920948e-05
0.1852086895035877,-0.020646465070984894,0.1532076365266662,0.01847171435022421,0.024072568964312917,-0.017405778415527966,-0.021019494912026322,0.0017106851742431151,0.0,0.009849411310330153
-0.015445313206113304,-0.0005273579703099304,-0.00750827706509615,-0.0008263410987397364,-0.0008855333020820174,-0.0013905195093989904,0.0,0.0004251756463163026,0.0,-7.60732620544418e-05
-0.01926546491395068,0.0023490456696884008,-0.006917478566070098,-0.0031384294839785208,0.0034469725041934123,-0.0061619370539698955,0.0,-0.0010694878411964155,0.0,0.0011137773932408546
-0.004742353031311012,-0.003456594939851585,0.0,-0.0005795137349272389,0.000379427190084808,-0.0016097916682071666,-0.01883041736824337,-0.0005026298671952144,-0.004463281947307857,-0.0001176849609133281
0.3395889978122143,-0.09822165848198698,0.06119838577897041,0.23987127132033956,0.019427374588945175,-0.06747548337808129,0.16738351943207164,-0.071197649909104,0.0,0.02986052770032784
-0.026718571744815806,-0.0028887799336195412,0.0,-0.0018089424973987151,0.00015174480662306575,0.0018482554776512437,-0.013804320278144554,-0.0007072415828728821,0.0,3.298759721862832e-05
0.06334935057290435,0.00976047358465062,0.007105227103649364,0.036022191918840964,-0.006304905447042727,-0.00279304803006733,-0.028427434583586892,0.0031835759434663104,0.0,-0.006484961296818426
-0.01139164264014976,0.0009833969387224586,-0.013045671697522188,-0.0004482859727378788,-0.0004595133518516507,-0.0015065122469625862,0.0,-0.0003525077732300985,-0.009425997538357838,3.263456139639253e-05
-0.04192241880362321,0.010790466790243404,0.05905004385680246,-0.02007955264079491,-0.010132698334647338,0.0007133592866329335,0.0,-0.0037934260299844146,0.0,-0.0007799160246266312
0.051204779717085015,-0.06263184533920715,-0.007113255424506115,0.027608257339580878,-0.013052505891103789,0.033904950345637716,0.0,0.007949084754162153,-0.035590363976283255,-1.102429470341143e-05
-0.015864352495006433,0.00020306076559037256,0.0,-0.0013780950939604592,-0.0006295692914241313,0.0007415810308469339,0.0,-0.00043795564329163173,0.0,-1.636122617165864e-05
-0.024351300553974248,0.0013984596925004935,-0.006214951314012902,-0.0013264861142886822,-0.0012481581122418199,-0.0008986705172143647,0.0,-0.0025885017569791027,-0.00361224013820758,0.00018539379332920008
0.002987189088900382,-0.005907236169496567,-0.027819629805790485,-0.0056665925365685845,-0.00040289470825036823,-0.003810866587592274,0.0,-0.0009524426232500452,0.0,-0.00010017843659623112
-0.0064469081283890905,0.004257643434656677,-0.00696255791302104,0.003532897959746656,0.00708710257805468,-0.004718909085089302,-0.011021783070301657,-0.00592341742016046,0.0,0.0038003612063922747
0.205069609624866,0.043626774655710736,0.12313747715121504,-0.021615963213652795,0.02733282238504703,0.09771633938700963,0.0,0.029833926220036656,0.0,0.015145826013156805
-0.012641126679529246,0.002437066204098553,-0.011151978434429985,-0.0006933821181140661,-0.0041143250424252025,-0.005835358929046339,0.0,0.0010705666694570157,-0.0052456826481772564,0.0007171788058141553
-0.00025474145326564686,-0.0023824028975739197,-0.01719047689846475,-0.00331624177074233,-0.004211674035178234,-0.0021430864370319646,-0.007779913598590628,-0.0009290888410444186,0.0,6.436558836984962e-05
0.006701988235482735,-0.030599640683552996,-0.007642947193983747,-0.0012388192887594594,-0.0017828195920181384,0.00235221587337157,0.0,-0.0007201462355153395,0.0,4.6297403207137824e-05
-0.025275058745567392,0.0006783437701243019,-0.016635689061408034,-8.333224698011e-05,0.0010929351249502985,-0.002748180962025443,0.0,-0.00039448491179701686,0.0,-0.00036403260161340935
-0.02488156370244676,0.0008077025699014413,-0.010038726542807727,-0.0022567716446303143,-0.0021584713696578906,-0.0005613560906684498,0.0,0.001076859617856241,0.0,6.995947053646586e-05
0.03286482860540405,-0.041473238156708454,0.06418353878585531,-0.01661077251447678,-0.07702466037254418,0.012143838597391998,0.0,-0.02887587918013444,0.0,-0.00014792847687963157
0.04426110567350686,0.011217696616607983,-0.02264221364291736,-0.01634419072630518,-0.012411311407588782,-0.008659633132176593,0.0,-0.0036459442853950088,0.0,-0.002396689167199785
-0.005621175940750641,-0.002664556873566004,-0.0013256644533141183,-0.001018674107753036,-0.0002961381362554613,-0.0013361198521816265,0.0,-0.0013036876937354224,-0.007090339359534656,-4.602991579667681e-05
-0.004249308648509262,-0.003347875655853476,-0.04039683796511354,0.03798919188344163,0.0013589293316634444,-0.013217456264930294,-0.023273273293249342,0.06868014117028616,0.0,0.00040198747295087933
-0.002811858038268175,-0.01004078921113766,-0.043444888149231586,-0.0009738381196201202,-0.0016927045892816454,0.00036593911610820277,0.0,-0.00163366542347895,0.0,-2.1858369306650138e-05
0.030212854722198108,-0.00017890199345065166,0.0,-0.006833523718076997,-0.01044804322174772,-0.011582615280526575,0.0,0.0007284291148306046,0.0,0.0068107959346032
-0.007477528733708676,0.0040298472832568846,0.0,-0.001119581723622223,-0.001360161204231495,-0.0024121154451694554,0.0,-0.015953624625419664,0.0,-0.00013946874826038756
-0.0061903426162767325,-0.03506966017645928,-0.008635174509854498,0.00111572534635704,-0.0024650198543394817,0.0011492740671861547,-0.012868341550510415,0.013744446550031514,0.0,-2.002966100276629e-05
-0.01476864061351589,-0.000571565539497209,-0.010020251966577291,-0.0010956968341332349,0.001071012006263064,0.0017465308924363612,0.0,-1.1441744000403875e-05,-0.020440543696207184,-1.9937333153790744e-05
0.037574824596576295,0.010682535605159046,-0.022258661408612136,-0.006874758809588971,0.003912008311949152,-0.028076523666208754,0.0,-0.0015063773449875673,-0.01795042502096267,-0.0018563047883688483
-0.032414368890564246,0.006945654467336961,-0.012497614428527544,0.002803362396767866,-0.0002667352602256024,-0.010863103875134717,-0.011878365296758063,-0.0016689639032127896,0.0,-0.0006511265502238239
0.0013342542766047907,-0.0037804941876577224,-0.0044372833569956,-0.0038296587428214277,-0.0044471242889776875,9.136813999391941e-05,-0.007854338135521183,-0.0010336375433847374,0.0,-3.602070013048464e-05
0.03947396998934608,0.01292517167526224,-0.0169769073132522,-0.004484346038589603,-0.012314334660008803,-0.014639466293201706,0.0,-0.0021797541278205323,0.0,-8.919686680232755e-05
-0.01549253434046734,-0.0022261953253777133,-0.001279621123547106,0.00038862112616594544,-0.000357586358588274,-0.0009159698624068123,0.0,-0.0012097728031010557,-0.005565419454883194,-0.00014056076502134878
0.006664770728412081,-0.0016719129849482438,-0.018838392138431262,-0.0008205723610181789,-0.0012143845821454822,-0.0037616736984764096,0.0,-0.0014374227465973326,0.0,-1.153960520607969e-05
-0.019563113423069236,-0.01472777253870923,-0.0019240938236628924,-0.00024024239497298425,0.0012242148327154968,0.003008087890514835,0.0,-0.00016811139832485813,0.0,-0.0003474914382398454
-0.012410288246287437,0.01686969631429146,-0.004168429398184904,-0.0002529091079998019,-0.006271323196650344,-0.008998381404034736,0.0,0.0026103602859662775,0.0,0.0008089599477513691
-0.00522507214383035,-0.060578416845677364,-0.003973766916603319,-0.011039080888890367,-0.007352535337277146,0.008804640216003629,-0.016315231531177636,0.019110079869879858,-0.008485698389970982,0.00012388598144359096
-0.01447188130613353,-0.0022147857043640453,-0.006629120364186172,0.0003738252538224724,-0.0006477459580490962,0.0006784914039753866,0.0,-0.0026478079454661436,0.0,0.00016731080366433156
0.0030553310003768723,0.007719260516086418,-0.013439800330090651,0.00041275184454827863,0.00010098874517034569,-0.007842355518359283,0.0,-0.0015488011857248969,0.0,0.0031185282256379803
-0.00641155558643537,0.0006631790998520914,0.0,0.0004727130960454533,-0.0032773721643484556,-0.006682853574073363,-0.008456701768555095,-5.52925394338509e-05,-0.01780157039079732,4.437061694468215e-05
-0.004308102651857793,-0.0037222519166294306,-0.013065412380652069,-0.00030611655006302155,0.001312477448476839,-0.0031696445960173285,0.0,0.0006782303855463389,0.0,-0.0005551660243863969
-0.003050341966749159,-0.0004940064565530872,-0.040011040961488185,-0.0019524151009091145,-0.0036960141285654518,8.575242582800555e-05,0.0,-0.0007428841782517837,0.0,2.297744930804899e-05
-0.010205310678294532,0.000840834959130826,0.0,-0.0012132539303710227,-0.01818939521917979,-0.004461313210316513,-0.005816016479922982,-0.018970128839363914,0.0,-0.0010138463042173203
-0.01089382149904546,0.0010701161570972673,-0.002049716484270019,-0.001600598467725892,0.0003758269564674399,-0.003058184648351583,-0.01117259908839201,-0.00048257425802929985,0.0,-0.0006117592970633206
-0.045922833016471196,0.008293538667477396,0.0,-0.004326329422434464,-0.0027334463566371123,0.00735211877116098,-0.01283197884125109,0.002802446490470595,0.0,0.0013730699752454469
-0.008615840702893087,-0.0026948164654397736,-0.008701329612505814,-0.001242153820977964,-0.0010101864269440126,0.0014177777491026367,-0.009875103292461367,-0.00034470856116178424,-0.005397155418344639,-9.415071203585507e-06
-0.044083800583573626,0.0009293725828383637,-0.026893125069491607,-0.0003313608550611056,0.0015883579186687252,-0.000425049881358399,0.0,-0.0016063867629987163,0.0,0.00024229414665442108
0.015148408168265648,-0.020336817509878823,0.06944929669119929,-0.002907806844113314,-0.0315207070406513,0.07112400103719614,-0.029051148164028782,-0.011641726702544142,0.16292004869968968,-0.026631751578170902
-0.007015325295055004,-0.001463825791074972,0.0,-0.00012027170305303793,0.0015908553974592003,-0.0008419345516161117,0.0,-0.0019285839525862065,0.0,-0.0006306705193323727
0.02332283144113163,-0.06900651435140967,-0.018828597569522595,-0.01166887750801856,-0.0033893978634716264,0.015008721240059508,0.0,0.0012245612426351742,-0.017642517076970465,0.0006453156333449846
-0.016086915186949113,-0.000242908930137763,-0.005364540278236466,-0.001451142077811815,-0.0018736384114772665,-0.002300172055202831,0.0,-0.002496730026571154,0.0,5.847738166261194e-05
0.023676553757312507,0.008245131900291955,-0.01441394512353521,-0.003990716178571336,0.004083550995840225,-0.02166530019898346,0.0,-0.0011461777454410931,0.0,-0.0007753526740025788
0.0327608298809859,0.006520845036595812,-0.02585973191446412,-0.005838686929145941,0.0003192642902448077,-0.0027300922123317086,0.0,-0.0010770946332743481,0.0,-0.0004216403895035144
0.04780515925769986,0.012621948668787339,0.0546140187040736,-0.038409424239839285,0.008098406749029344,-0.010476102844416347,-0.022850797637262145,-0.01392764827981085,0.052600950879867395,0.00045723008870526827
-0.016827276715951505,0.0012407214649030299,-0.026284144376916164,-0.0023139972062995776,-0.0009514317447129718,-0.004019853863131273,0.0,-0.00010287103866173669,0.0,6.509806199724751e-05
-0.06452316190667176,-0.0015760221545227718,0.015175633696847388,-0.0024901992833952632,-0.004953008764574311,-0.003977222837917366,-0.04164174535371816,1.3427568591534155e-05,0.0,0.0009316338910973603
0.06760778689659537,0.007873506654883376,0.01201941216759772,-0.001908078331837476,-0.0013852617501093484,-0.01124735406075785,0.0,-0.011728890245254645,-0.030568288965122804,0.0006599281236765204
0.08732788340057572,0.016997412517122494,0.0,-0.03492470194156677,0.007810044164823224,-0.055797008532790474,0.16830763195790868,-0.0014964693946524972,0.0,-0.018112643434366464
-0.004246284138411868,-0.0004989464734941523,-0.0017008668980760578,-0.0006057471777498278,-0.0010203644179401163,0.0013392854899474589,-0.008937766384611068,0.0005246866331544218,-0.017679537457011167,-6.029964234990221e-06
-0.010229968847163567,-0.0009909441494537804,0.0,-0.0013068795024258225,-0.0010716665184376012,-0.0008822796527497128,-0.01282001860035869,-0.0007442819173189176,0.0,0.00010439806519869479
-0.011075138594026038,0.019603685070539646,-0.014567293195354658,-0.004778387231155139,0.0096695378764047,-0.02562870100564375,0.0,-0.003944665054313219,-0.0141349130072157,0.007218283549566451
-0.01595202730796959,0.0029328464815237747,-0.002231136754634301,-0.0012820938317933566,-0.007551070257224473,-0.004326235314648737,0.0,-0.001146127542985479,0.0,-0.0006263810424247855
0.060417598827601095,0.011757275574177778,0.0,0.00223235694333065,0.0133774990856468,0.0630155936183668,0.0,-0.02086919600370143,0.0,-0.01171067887914134
0.22203529701101657,0.020203071866574645,0.002367359374082867,-0.019472535713551446,0.02982344166878297,-0.15643438156850298,-0.00844171085852381,0.0107023978061058,0.09130552172929267,-0.03319717680706141
-0.0020441351113700207,-0.0024257498346459926,-0.0016921858659876988,4.144249701743098e-05,-0.0009174928300781119,-0.0016237963592214734,0.0,-0.0031897855077200055,0.0,-0.0002922945631346264
-0.07292120474904114,0.0042566415324654504,0.013101513295917657,-0.005433606344376219,0.0024398790374083623,0.0014999344763522485,0.0,-0.0013225916104909502,0.0,-0.0003793901390166055
0.042520229200816745,-0.006155840507805102,-0.011450072341937328,-0.036933016159808804,0.010202291617082606,-0.02886426877623669,-0.024431108355773407,-0.0025384921605836135,0.0,0.012733757346940901
0.016229224228197885,-0.026367718976714766,-0.027804968745148373,-0.0018158722866294962,0.008875976365893355,-0.0074996627697344245,-0.02720469352554942,0.003416897773944244,-0.03085176650674452,-0.002134652037273686
-0.004427104280062971,-0.0026332317369505095,-0.0046453545823647675,-0.001233524017002979,-0.000977665649455939,-0.005011186748975836,-0.006680730846153629,-0.0011439549172948746,0.0,3.7912393671126444e-05
-0.017813336639541495,-0.0002284529403836501,-0.004320044927121502,0.0010198965901502886,-0.0004836727413714232,-0.0020905710653794625,0.0,-0.0006579969950037664,0.0,-0.00023904102756524374
0.028321995367412905,-0.024025108751125884,0.08118189501455768,-0.038031890761601614,-0.01002843244840832,0.016678648113992715,0.2276771956804014,-0.008720787541999647,0.003258467182220115,-0.0012879664967998584
0.0014457266305220081,0.0038944051919541575,-0.029016706854178943,-0.002807269614167619,0.0035292414481820885,-0.007809063421075707,-0.012401331449718948,-0.0017669403993439328,0.0,-0.00035660450438609534
0.03800833673416748,0.00977170097207922,-0.022535162614825816,-0.006824134828250958,-0.008779197337153604,-0.029942770536577307,0.0,0.0055353876953115775,-0.029971312808644568,0.0010308807094743314
-0.05762602916338429,0.006349434504004192,0.023268078973190397,-0.0036091374077830913,-0.00403224785602843,0.0010030486401440956,0.0,-0.004525085815097732,-0.009753324378341924,0.006076510190269839
-0.0005349529766239279,-0.003218793756318187,0.0,-0.0006032851074353997,-0.0008042205506589818,0.00074007392675942,0.0,-0.0027930264620939105,0.0,-3.773606139471294e-05
-0.028781046660761582,0.0027707037558585704,-0.038330605332588384,0.0006753099245778921,0.0018479652784828265,-0.0010498380179760334,-0.014273063646423289,-0.010494743163116521,0.0,0.0004295599292951372
-0.005024657964639667,0.00523925494789749,-0.007259479871244682,-8.527136494973983e-05,0.0026084302576460773,-0.006527907115770043,-0.011165455050854778,0.0007456312653526656,0.0,-0.0016276606249937466
0.04382059331885528,-0.010537091196293247,0.07040972824593421,-0.07038332152511027,-0.030055795956190512,0.019440930631784946,0.27998494951619185,-0.009499002456347844,0.13484029463838687,0.012431508734954428
-0.006071209494758001,-0.004867111927345529,-0.004192175690061955,-0.0002149196657512396,0.00217139153067603,0.002564081700745075,-0.022556277788589173,-0.0030610765617661113,0.0,0.0
0.020262942593569266,0.014091206820944276,0.029045215836883402,-0.009544740466142548,-0.004467239359099391,-0.010674758521643287,-0.043479589378114025,0.009458010097923098,0.0,0.0077430671898297025
-0.016021794452937423,0.001461305980542289,-0.013160878566516732,-0.0012110802382076231,-0.0016950161631276168,-0.00026313331181824373,0.0,-0.0021097305303198885,-0.004089727870156604,4.159939111417765e-05
-0.030049654814584686,0.000850201821517295,-0.004653419345108743,-0.0018087244460285243,-0.001122917010922439,-0.0002563770524545915,0.0,0.0013658840951477538,0.0,0.001407279210995579
-0.007699235692640069,-0.0026712651410910984,0.0,-1.6888047997641772e-05,0.0001244706080311928,-0.0016160724490716567,0.0,-0.002801369899710782,0.0,-5.314321650454913e-05
0.022233216095244656,0.004795921292361235,-0.005658471967891668,-0.011949560813597021,-0.003108630461534794,-0.003194040244832605,0.0,-0.0029681802002005284,0.0,-0.00013936660484910394
-0.018929017901095888,0.0004472577154307917,-0.024692955397991594,-0.0035706617070604477,-0.0006933857476644661,-0.0008634801485101051,-0.017312688476579866,0.0003777540130349739,-0.003440141504949517,0.00017370492215247802
-0.01573288005877178,-0.04104531580743177,0.02205276112486105,0.0027450779051067533,-0.0019283182396655143,0.008819759733150004,0.0,0.03100537646308708,-0.012044186253011268,-6.484094871541738e-05
-0.020216462547764852,-0.0005321103289595292,0.018753760700437303,-0.004546743068807748,-0.007863224061168291,-0.010083450011574287,-0.015120063299926653,-0.00010770216875846187,0.0,-9.332835871964512e-05
0.07257532236317746,-0.03858555665788205,0.17571603516688156,0.005979969032375296,0.023561775481030455,0.019089142571980282,0.1712164895237678,-0.005716079217347153,-0.012049575686336318,-0.008684213052115964
-0.008069250740056858,-0.005611211502091311,-0.010656547345177418,-6.67693196563443e-05,-0.0010829915219034386,-0.00010811573018251023,0.0,-0.0004562828680117127,0.0,-0.0011497252916628658
0.12808234333000132,0.003775141219947753,0.1367188472628828,-0.05381219368431558,-0.040984384705218355,-0.0017939592989567848,0.0,-0.024728726312439282,0.0,0.0005632020085842932
-0.024391481331218594,-0.011149703956877121,0.009045721626776434,-0.0011906943851049366,-0.003240898948612908,0.0014693297223961489,-0.01106795512045217,-0.0013432507813484907,0.0,-0.0002990784459261226
-0.03671696391830982,-0.010106603013937742,0.010614444862272893,-0.00041542501747522214,-0.005647879863829602,-0.0011924244748775085,0.0,0.0008524634538784436,0.0,-0.000435362674583218
0.06230553477398108,0.006336691632890262,0.07929000378795781,-0.039907973596648556,0.027753317931502992,-0.05128448839962951,-0.04276150927501127,0.0010575859121313065,0.0,-0.0204140291791936
0.026395068955099348,0.003638265564279648,-0.009865156506185916,-0.0025764783611044407,-0.00641641365708254,-0.010532878730814585,-0.016996482514692084,-0.0013738275488846576,-0.010800590884232028,0.00010152651077411992
-0.010098574241603552,-0.0038184657096115016,-0.009535467118012102,-0.0006602844002246896,-0.0006099485049937226,0.0005981722362163089,0.0,-0.00015695207090659852,0.0,-7.205725569350667e-06
-0.008194951660224485,-0.0020322082928919917,-0.005050916337572249,-0.0007561882264275038,-0.0004913921784811135,-0.0012883888543826667,0.0,-0.0003619188979705194,0.0,-2.836683436817089e-05
-0.007719521318422856,-0.0011552505006536204,-0.004003987417295589,-0.0005834017137515662,-0.0016128612993714247,-0.0012044532452341276,0.0,-0.003367604186015438,-0.004234174067456742,-2.9564153761347384e-05
0.05143617481315863,0.0002691829272294777,0.05923062691549025,-0.03466104904175215,-0.05183578418278154,-0.008086042908045429,0.17813393150955847,-0.0030834080591618683,0.0,-0.011300762213603039
0.01594108566536967,-0.03311892289312575,-0.01210236235663775,-0.009635190796510356,-0.003327686308570247,-0.01116629838365476,0.0,0.007971479677499425,0.0,0.00014526772163997865
-0.010148305932683146,0.00030675187994009065,-0.009031995611332578,-0.0003845430044352692,-3.668620997980404e-05,0.00030576070036656897,0.0,-0.002117842743294473,-0.004342486581632514,2.250988507964402e-05
-0.03682942802092202,0.0020260725417849067,-0.004091829871964269,0.00014081215165762055,-0.0009688212261847794,0.00025130998910932837,0.0,-0.00022978151528572753,0.0,9.219381935305273e-05
-0.0240024035779708,-0.0054431059342555585,-0.0021123400411014763,-0.00033140239433588416,0.000968652086431974,0.002132156859198401,-0.012704535718166257,-0.00019219390200506947,0.0,-2.2850347032343095e-05
-0.01732835457279126,-0.002186752830562328,0.0,-4.1808129962129807e-05,0.0008781364464400575,-0.0007990632904228735,0.0,-0.002132672741059033,0.0,-0.00027753233409980195
-0.014397199425076676,-0.0011716343491783494,-0.01126779773724922,-0.0006720826781790878,-0.0005065831710998218,0.0008825214325843282,-0.008004623703544786,-0.001286486887004007,-0.0044241037640139124,-4.352893474473922e-05
-0.00178428478439815,-0.0028269760499735957,-0.0014331590970595195,-0.0004228632296992018,-0.0005842778370787933,-0.0011901392975558265,0.0,0.0002169194260804198,-0.01622547507575759,-5.8756250268076316e-06
-0.00489986649450801,0.0031462701408651933,0.0,-0.003670207868924083,-0.0016651406267438734,-0.00523429216648123,0.0,-0.0012656813626834545,0.0,-0.00026459624672466704
-0.018202933203422013,-0.0013794340733745256,0.0,-0.00012003443702532065,0.000801401578124856,-0.0007837718100017963,0.0,-0.00034948644997901746,0.0,-0.00017939983251266493
0.0073770579520985756,0.04378260687079658,-0.005426010534073988,-0.00536949698255833,0.007436018336663431,0.021060853454969497,0.18061664552556325,-0.014026417780283119,0.23575304266242353,0.10832789266851688
-0.025177146566808854,0.0035564045653367253,-0.010480016335484572,0.001868518494536482,-0.0008240962951721456,-0.005402718287807769,0.0,-0.017374376713185636,0.0,-0.0006749414699268735
-0.01448782927953519,0.001694253545419909,-0.003534059688851639,0.002064680783159561,-0.0013074593011356528,-0.0030137340076427494,0.0,0.009658438013702416,0.0,0.00014354704728664278
-0.02611545627576841,-0.0025047674700198995,0.0,-0.00016166278794127448,0.0004752906322051622,-0.0028554169018940485,0.0,8.208069845459468e-05,0.0,-0.00019363439978796696
-0.050511287665015794,-0.0027691948817226723,0.012139513504502564,-0.0007617343443103851,-0.0012549012838593905,-0.0005702728808605291,0.0,-0.006162030523545225,0.0,-0.0014670367620652832
-0.011060733784924661,0.003482442560373232,0.0,-0.026950703772756723,-0.006910655664235229,0.014496490942290951,0.0,0.017461739095200258,-0.029880535583321693,0.0003184712321583377
-0.039238768626631275,0.0036417839317853017,0.00950022130377421,-0.004049994176629559,-0.00883696951522943,-0.003255905859595546,0.0,-0.001995985158474341,-0.007421170156088222,-0.00010255862104630378
-0.027125918334382527,0.0032143570479495976,-0.02261498840892888,-0.0008308221911710004,0.0021356404595010417,-0.0018788190099570143,-0.012269443783826006,7.001107823902536e-05,-0.007627335084987466,0.0008199773502888764
-0.010135222988598154,0.0007043319442577774,-0.00272561965107894,0.0013694600738878284,-0.0015634158056816532,-0.0001674312174655194,0.0,-0.005036204270463485,-0.0053984867874747764,0.0
-0.01442782963590678,-0.006499623645101167,-0.006624758819748394,-0.001135398298051521,-0.0024582894844090487,0.0021554561062422798,0.0,-0.0005669724078188561,0.0,7.111871843051444e-05
-0.025339997934677755,-0.05343243845781651,-0.011343339832578387,0.00175922829470182,-0.010124929733938706,0.011749194721781259,-0.017714499856154604,0.03891764290480112,-0.007791408955833049,-0.0005182182628341879
-0.004701304008951331,-0.0024907644348129967,0.0,-0.0007129180029273412,-0.0012139714173694245,-0.0004947000731820286,-0.005459222546420296,-0.00017856770963305176,-0.003436465358424373,-3.775428054148665e-05
0.025850860235832062,0.002423536833096719,-0.0036491628125114644,-0.000440414001230402,-0.006082450034166733,0.0021248670941525724,-0.016620929169944666,-0.0001285626051792367,0.0,-0.000574705595160601
-0.006169636314955014,0.0004515169622370028,-0.002471464585985739,0.0004405409909676554,-0.0006337481276684966,-0.0013471826686571227,0.0,0.0006291514283526354,0.0,0.00012120537228518056
0.029948063037047935,-0.01130581537620939,-0.020940327087413606,-0.004485452230148313,-0.0064018844760273304,0.004027621473815066,0.0,-0.0027061683761147232,-0.01123361749885099,-0.0005100172425276488
-0.015800221644486395,-0.0015550534544556264,-0.012223020986091685,-3.06306829862428e-05,0.0005110179676522518,-0.00243079958057454,0.0,0.0004096836217183916,0.0,-0.0005401631146557944
-0.008349337817566532,0.004396629609265167,-0.002490502238569575,-0.001812778821408317,-0.0008433362604629725,-0.00201749947924791,0.0,-0.0018282150764087402,-0.011672217719096907,0.0004655511726942757
-0.030542961462726892,-0.0036267647830855953,-0.016465846123739164,-0.000634425374795157,-0.00036185185273121913,0.00022351651022282804,0.0,-0.0012207974867537463,0.0,1.711358607180309e-05
-0.027194491026998557,0.005129549637005628,0.0,-0.0014932917151620757,-0.0009115569928646024,0.0013233795302341294,-0.011170111767881814,-0.000753793996179415,-0.005234011697640299,-0.0005632104213523819
0.016212078511878558,-0.01452033933191392,-0.014299873830995504,-0.005384635012393529,-0.002321745500180731,-0.0017940269309408025,0.0,-0.000987488302134428,0.0,-0.000292267396030749
-0.01285424215950759,-0.0025512915980631145,0.0,0.00023763940588336597,-0.00016315069609585596,-0.0011423159380357568,-0.004525025367626787,-0.00029942139397621604,0.0,0.0001741921185519908
-0.01709272108753179,0.0014318052581703143,-0.04215106363052402,-0.00011291348199057704,0.0007452586533829601,-0.002131703901248079,-0.009350886055292768,0.00024391276724815698,0.0,-0.0010250848910593247
-0.013447508663607347,-0.005482842156205759,-0.005589206574936617,-0.0007172310633865812,-0.0004872322905283957,0.00239398521595808,0.0,0.0005560883151012081,0.0,-2.5264230134556045e-05
-0.018297096818053166,0.0017820047423031146,-0.004913604820132715,-0.0010730058907204526,-0.0010133980734336177,-0.004020997978682711,-0.03183200974034188,0.00040285205256209225,0.0,0.00017096980805398932
-0.014411010535526191,-0.0022067542107274537,-0.026452026519471733,6.726623748842288e-06,-0.0011701242726198744,-0.0005212679902339269,0.0,-0.003615639390904417,0.0,-0.00016433313420143383
-0.02607847493121978,0.0008047017851845811,-0.013445022753506045,-0.0004977497912045372,0.0011964825003089026,-0.002966693612262415,0.0,-0.001339683428991565,0.0,-0.00023454841826228283
-0.03335686256163508,-0.003407625825511338,-0.01923400658300492,-0.00043474052944465823,-0.0007194446841413601,0.0038071333844194796,0.0,6.805282394023449e-06,0.0,-0.00014803346338540784
0.03876312163148728,0.013881030624045101,0.0,0.013835627559672825,0.010054276351093749,0.045388450820796886,-0.024908406735383783,-0.007927648595277123,0.0,0.0002121733424563385
0.007605823214502474,-0.009674252622132696,-0.00942878002917297,-0.003983729485974828,0.0016935450669830234,-0.004399615924547738,-0.009954780518113455,-0.0019371807887793527,-0.008305722929037921,-6.93992848176065e-05
-0.013623519256594574,-0.00028477170475781,-0.0017269184329975385,-0.00021575756190583552,-0.0015630021787743132,0.0005135395996912073,0.0,-0.0011490310275943081,0.0,3.376679399450227e-05
-0.025674315258192172,0.00045977561834067667,-0.01675919642545668,-0.0008376318852408918,-0.0019397933294024532,0.008559207022453913,0.0,-0.010201535791158137,0.0,5.4675294457264684e-05
0.07006524705141563,0.022777532328365414,-0.01606823705429769,0.009858325219978327,0.03534153218736237,-0.02138730856242225,0.0,0.013060282979788233,-0.02840817812202111,0.01332410293815232
-0.00956194659178768,0.0006078207051558515,-0.0016866420794479815,-0.0003496948831528934,-0.000710987477916538,0.0003019010308366736,0.0,-0.0005571926212104112,0.0,2.9656225874818627e-05
-0.043336088254340016,0.0027063407373930488,-0.002813623141721374,-0.0006038350191633375,0.0009908149071110601,-0.0022983177955216826,-0.011449613982306187,-8.729839978266763e-05,0.0,0.0013569080485168839
0.014035775720470003,0.007613467781672776,-0.025239518044260743,0.007659388387236019,0.007502110092505819,-0.007845970619923062,0.0,-0.01352338809753954,0.0,-0.002027057852827538
-0.010309788374496517,-0.0005994783278403665,0.026630881614516183,-0.014712005048370108,-0.005402307629414605,-0.003302188933322777,-0.02076549696219663,0.014123152137004264,0.0,0.0009151127363897664
0.007437652480730107,-0.011529188477097168,-0.010063761986655954,-0.0003939469979889015,0.005350160817291627,-0.00547058274414047,-0.017453841348506544,0.001834034708926417,0.0,-0.002192597548013775
0.08813878521993171,-0.014681659770702701,0.10739413749634827,-0.055109348076683905,-0.04374900879881031,0.027993158302872558,-0.0401368510579197,-0.010746659544094896,0.0,0.0002869655056973536
-0.017597788370183186,0.0010771216460796805,-0.0021675691380979344,-0.001043139293456513,-0.0005049581107214105,-0.0016922984221769486,0.0,0.0005057011835285445,0.0,5.788356320426766e-05
0.003925451232175707,0.004188138834021487,-0.02941611686125196,-0.001407934935023332,-0.008592449104068377,-0.010130010941841761,0.0,0.000807049292062307,-0.02246721895425245,-0.002669729168705056
0.003067238499731423,0.0031958928303103306,-0.0048658950713472175,-0.0015303155862268006,-0.0052046640131874706,-0.009835779352383976,-0.01324938268537321,-0.004239362278335884,0.0,-0.0013107146059523976
-0.006444962274431086,-0.002815281311661364,-0.005408975241810894,4.1104165906860615e-05,-0.001426311417632537,-0.0014936017248949843,0.0,-0.004196240267044973,0.0,-0.00011750945472546459
-0.02042216998854515,0.0014300308351468875,-0.005168888459817366,-0.002098574344632546,-0.0015344608204407352,0.00032446491545641467,-0.010547302564984429,-0.00042965889764198047,0.0,-1.0951635612735724e-05
0.0011732787068060313,0.00220049375326294,-0.01663017992464899,-0.0006526001136376422,0.0003948551887366392,-0.00267860152813202,-0.00946123870792126,-0.0006304636457177241,0.0,-0.0008658547382164612
-0.01254988849955771,-0.002085935523717092,-0.007817944779326628,-0.0007258212683257182,0.0016822611297639977,0.0030959004359760885,0.0,-0.0004661332894906802,0.0,3.144742936479258e-05
-0.024445840942923024,0.0011803785661772316,-0.005386660890274822,-0.0009265568585681505,-0.0002564176286673256,-0.0015018229685623415,0.0,-0.00048244114966824683,0.0,-0.00014317274134710705
-0.005759107625371751,-0.0032366992130667682,-0.010047526431119589,-0.0029687814653486717,-0.001714960255502522,0.001324456333152939,0.0,0.0024726681351034396,0.0,-2.5923592115575587e-05
0.04419445823104636,0.012082922878680614,-0.0214411687021463,-0.0071865571833055805,-0.016740011261026717,-0.012662527976737992,0.0,-0.01492706765285825,-0.017975388355989476,0.013010166446226745
-0.03029388444406205,0.003384229184572776,-0.017544576327829752,0.0004834886126455773,0.005231502836909847,-0.002739411838709442,0.0,0.001957152329744637,0.0,-0.0014164254533264558
-0.006563904712563623,0.0024334073369308346,-0.006595395640141735,-0.0045583824405839735,0.0008750621530724267,0.0018594494608192922,0.0,-0.0029331364238380257,0.0,0.0007244973264750564
0.013317205739442806,-0.009534189593671654,0.0,0.007028806869280238,-0.0005341813778861448,-0.010182052274088417,0.0,0.027807545326294092,0.0,-7.751975916149983e-05
-0.00871785871035356,-0.0037794290033177696,-0.011611832466333865,-0.0002133695539432495,0.00013433143108765544,-0.0007094928382040276,0.0,-0.000980435020420776,0.0,0.00015703466705045522
-0.03237739724883278,0.0011926970671018034,-0.018315913602328468,5.085374696680508e-05,0.003492466544854647,-0.004431693583270897,-0.059232649334997924,0.00033656028473090516,0.0,-0.0009481528414709429
-0.05801183059825575,0.0019493306420968852,0.018206482863809503,0.0019422435704429988,-0.00013705171217609987,0.006331685612353967,0.0,-0.00018013622187711963,0.0,0.00013326313426408886
0.013127059818788584,-0.022872065080393973,0.0834186262322026,-0.03588543134657353,0.0038118342348543222,0.020411225272089446,0.0,0.0872320225921698,0.07853869432099592,0.002727445172767501
0.23681506964517282,0.010519300511549024,-0.03772173326805585,-0.05195810110791175,-0.08608069709542693,0.005147600503063443,-0.015706673056152542,-0.03910347653704311,0.23011353259667383,0.00092368473713485
-0.015786876221679187,0.0007043156219536127,0.0,0.0002065999736599147,0.002584583219190124,0.0013239512832514872,0.0,-0.0006909245087275218,0.0,4.943163511932098e-05
-0.01921427567194431,-0.0010165464977838642,-0.0018190514606331802,-0.0011119787971328617,-0.002449656366105069,0.002080685377410927,0.0,-0.002109987852407965,0.0,3.9969537976810435e-05
-0.01613748767019863,-0.00220307017815934,-0.016837454594810973,-3.282433333030247e-05,0.0015749768638608503,-0.0013526964863427964,0.0,-0.002393069424593916,0.0,0.00036208649884524236
-0.007564896197483318,0.0011239361630455008,-0.010110557323494888,-0.0008856149036325213,-0.0007307820701618524,-0.002170057999446133,0.0,-0.0007105770416277757,-0.004221766796523747,6.621201934340574e-05
-0.0005207725711482682,0.012124185511595375,0.038874999489526975,-0.002123984380450041,0.0031970714286042395,-0.002575354809042565,0.0,0.001864474687557817,-0.012433224415771512,0.004447557948532061
-0.018676971293639343,-0.0013405812744991183,-0.009041189676655677,-0.00020830150924597634,-0.0009588315737488623,-0.0017012600881214902,-0.012652775152862302,9.159498054021886e-05,0.0,-0.00013778953976772726
-0.010147550695551871,-0.002140948992114778,-0.008644092813907336,-0.0003173020892450612,-0.0013292762307231107,0.0003795709048809785,0.0,-0.00018619099864178694,-0.003478268964262911,-1.709721282532675e-05
0.037338549804168696,0.012217936303299846,-0.006416496968974039,-0.006497408053161591,-0.007943714093655584,-0.018364050496549586,-0.018734758920157378,-0.0035830681649228363,0.0,0.0012126671776287652
-0.0597715803085362,-0.023365686304400418,0.07840273483574492,-0.0054736382418328665,0.014182078306218055,0.008882155680071701,-0.026511056660245187,-1.0161880890091624e-06,0.0,-0.0007196694879210402
0.0014740377717633525,-0.009665528475953223,-0.0056152147212612325,-0.006487851363922606,-0.002560497599892251,0.0010390750716223417,0.0,-0.0019497235615011607,0.0,-2.0308574272000222e-05
-0.0003968403588755151,-0.014773137793026974,0.035737957099238084,-0.0037587426801046196,0.007212037617957903,-0.0010350464002269147,0.0,-0.004795965309277424,0.0,-0.0011118325364446637
-0.016105013140311337,0.005708839429285895,-0.048893456979390224,-0.00044632185865741173,0.002512597231384598,-0.0031705305016386264,0.0,-0.03621972597982815,0.0,-0.0014957332005286965
-0.016386350476828748,0.027840513163615542,0.00803614919767533,-0.09409744034880448,0.02970513900369881,-0.007789486790229505,-0.035607732810086994,0.019127390775801285,0.045329356909871346,-0.009901042430798684
-0.00400190730813998,0.006677264567891568,-0.014232943580510282,-0.0007586712815273514,-0.002280244418884657,0.0024893498982044657,0.0,-0.003558632357947311,0.0,-0.00043140417186031225
-0.020189715673116705,-0.002480731464314079,-0.016499845756101583,0.00030318921706219053,-0.0025577555621564677,0.0001628079438049504,0.0,-0.00189536789195644,-0.026531167959717068,1.1918801975383322e-05
-0.005580627871248923,-0.00249929708361525,0.0,-0.00047488950811456956,-0.0004712486564835889,-0.0008567208114542549,0.0,-0.0029751347299414475,-0.003496673289382585,1.768834874188276e-05
-0.017455733799810184,-0.0012992598020853054,-0.0064193753765447404,0.0026115180399361943,0.0022936538607472062,-0.0025708384089508734,0.0,0.0006390827481329492,-0.013115616027295648,-1.7436899385374004e-05
0.0538830325049251,0.010078554196493521,0.024081432111394067,-0.023718835029932415,-0.010064753316036564,-0.023129596393464603,0.0,-0.00785376962107227,0.0,-0.0030615702486330955
0.014483451288314141,-0.01940676543439513,-0.017277183295980166,-0.0073227552897437475,-0.004858233138802165,0.005712722639569763,-0.036527219785767895,-0.001641445235374725,0.0,-0.0006887691835909357
-0.00684206744934365,-0.0021956111141518547,-0.006968365182797387,4.876810228605314e-05,-0.0005165576328744657,-0.0008878761819919546,-0.00621789199390264,-0.00027019335078335956,0.0,-1.2378048354903803e-05
-0.02795755753344604,0.0017626689588983537,-0.015784934495019446,-2.2988517008390615e-05,0.0004796377821106243,-0.0013355566375256897,0.0,-0.0008417424221989801,-0.03614330984225897,0.0006666840106997359
-0.011553686112032953,-0.006792177599445372,0.01149298421650582,-0.0007263038470057701,-0.002499582828785335,0.00017957131667620252,-0.019286305764257168,-0.003539890102345295,-0.006839080002153744,-1.995599616856428e-05
0.16577982495163046,0.11031824776617138,-0.06179712677167215,-0.01938886340904728,0.0589078369532416,0.13126975327298082,0.0,-0.010699657658972628,-0.03297139211910142,0.010066606571907898
-0.00882447284957898,-0.004132266661081222,-0.006958134488948317,0.00022246905788376182,-1.7909820384913368e-05,-0.0010528643340647933,0.0,-0.0019022755806956337,0.0,-6.448953269890665e-05
-0.0007582285423259206,-0.00158028903920139,-0.006740063160915748,-7.854304090075884e-05,-0.009497486217853828,0.015023740663558124,0.0,-0.0019880425954400386,0.0,5.78354346551159e-05
-0.02555725313271834,-0.05843727574169218,0.0,0.018114460432064293,-0.00277013770219565,0.0061904718573311136,-0.0463396886722701,0.04158324351838848,-0.01204920210404412,0.00013181132821604713
-0.006146502949949837,-0.003092221762506421,0.0,-0.001955772511394964,-0.00037371984115827704,-0.0011347334822078136,0.0,-0.0002754688485045625,0.0,-2.17996441168853e-05
-0.025972777228074385,0.0007301524560094942,-0.011208865591936987,-0.0010454293326558782,-0.0009474759526106353,-0.0010112541245267596,0.0,-0.00021637339754802706,0.0,0.00027672843555324837
-0.008173303129010505,-0.0020532966389037177,-0.004467577696177511,8.607620407842078e-05,-0.00037881526005319394,-0.0007130840538231945,0.0,-0.0013128253380445918,0.0,-0.00012365854945903444
-0.021471804979376084,0.0014808094381528285,-0.004237849898504937,0.0011520490145961386,-0.002073818380928437,-0.0005140885862746738,0.0,-0.00028750673103654817,0.0,-1.903071608337862e-05
-0.0695661587726064,0.0011177402754724748,-0.013874553918158183,0.0057924443442573135,0.002445795964664834,0.006300136837796511,-0.01874997045976321,-0.0014511355273452062,-0.07973650140575961,4.8480807561553446e-05
-0.0047450193282239,-0.0024255408117324472,0.01073499287661735,-0.0005773057320293835,-0.0032192699934250127,0.0007363324549696972,0.0,-7.623473870000188e-06,0.0,-9.387741256226996e-05
0.03790759170014846,0.011807101472239647,0.0,-0.011543349972983404,-0.0019826319709448496,0.006015954883083542,0.0,0.006797858899946689,-0.04548801222459807,-0.002452802614547506
-0.009365955577285388,-0.0015628756030999606,-0.0045747300246842025,4.076054248979312e-05,5.1231698828396735e-08,-0.0008194070172041559,0.0,-2.3797284514028364e-05,0.0,-7.650898346689564e-05
-0.01505469087934902,-0.013562381260721868,-0.0031294475911853906,0.007438250583671322,-0.0066130437459932636,0.013094094785392113,-0.01372438269639899,0.0011000257973706185,0.0,-3.268231381091946e-05
-0.012097507186359328,-0.005346825826269483,-0.002315162865391872,-0.002095062687642771,-0.0013161127541618494,0.0008362515748544465,-0.009297873996733813,-0.003966951831838103,0.0,8.012476937778873e-05
-0.03837438363250882,0.00035212024241612974,-0.005049386241354907,-0.0007990264424228427,0.0002667837819512584,-0.005609036911369751,0.0,-0.0031292879234637557,0.0,0.0009165827565271152
-0.01328685102351316,-0.00607285887009997,-0.003095785443199851,0.00029002470507826747,0.002531521063563534,0.0010488743873772058,-0.04796894717428265,-0.0012362501509682552,-0.0047121007088290895,6.265637786564519e-05
-0.007171087121969832,-0.0025604395527332206,-0.028020572014886298,-0.0007487537740270625,0.0019350083235960692,0.0032384819054896994,0.0,0.0008048747217634693,0.0,-0.0007579609931909745
-0.009606294019187004,-0.002066853601488288,-0.0017883714348800844,0.00041457975685198906,0.000154748772318001,-0.001815520995362524,-0.007700983803109571,8.535858885161031e-05,-0.005049259160246869,-0.000238300879223176
-0.02782270594556091,-0.0019611109831932207,-0.004894411693764733,1.6611050898608127e-05,0.00010635300344598586,-0.0019341021828500793,0.0,-0.0014389317640190451,-0.01099514730231865,-0.00026029889171402316
-0.010627900778212261,-0.0018920696878092357,-0.006132348051698319,-0.00011807940499571163,-0.00044143639847117497,-0.0014447988563687383,0.0,-0.0010154719213224992,0.0,-0.00038580735409887696
-0.016161024324786888,-0.004413690497508835,-0.0019762598361795945,-0.0007647424344489661,0.002122287678655548,-0.0002517080829926655,0.0,-0.0014751282394859838,0.0,-0.000338247882036634
0.017939481277599527,-0.0048336110921041705,-0.012854107631211847,-0.0021920158013213156,-0.0073710301249464635,-0.004382127085795061,-0.016722373653344988,-0.0039291817562222605,0.0,0.00013633384414007342
0.01552265071020029,-0.02617288582957048,-0.023850895132642966,-0.0021597733206867647,0.001209890154090791,-0.009001433075727228,0.0,-0.0005438546642987229,0.0,-7.152592866222982e-05
-0.07724952163893242,0.0009325465870407031,-0.007135526787804844,-0.00022622381378903153,0.000854481705808234,-0.0007587484951781454,-0.02729345862867506,-0.0015607492334929194,-0.006669448222748599,-7.215082930662215e-05
0.02890633478325975,-8.27310768795192e-06,0.0,0.012141634756262959,-0.003970870959256967,0.018224410718708742,0.0,-0.0010155451925685718,0.0,0.00014069298658313522
-0.011065125488577587,-7.393133711493805e-05,-0.0035218520108617423,-0.0009882695854207214,-0.0011614253503228966,-7.512645185104149e-05,0.0,-0.0032235882854683663,-0.005819194652896024,-0.00010801934017131802
-0.004212051367520904,0.0019747839837855738,-0.0025381136302645756,-0.0009054254878991463,0.0006667521912080074,-0.004160220083216677,-0.009846702027484349,-0.006995427321316533,0.0,-0.000814379098795121
-0.007209096207347427,-0.0016921612797267613,-0.0013204953613664984,-0.00017975973600310152,-0.0003748480706614233,-0.0008699899742124033,0.0,-0.0021391757578774285,0.0,-0.00019570986088057515
-0.0462731982672765,-0.006030131583727925,0.013011723747535994,-0.0003710505405027601,-0.004696289020521281,-0.0013493316748654865,-0.05124178840610459,-0.006307845847347351,0.0,-0.00023162529310397813
-0.017314921334156963,-6.207971230851802e-05,-0.0046961656971880655,-0.0033860141923493813,-0.0011653730088478725,-0.0015021556318970816,-0.00807807134024785,-0.0014883839038045276,0.0,0.00021953581381711095
-0.011132754938573328,-0.0029265016185839746,0.0,-0.0005573166324633748,-0.0002706692233561909,0.0005949424866902142,-0.008426957938444871,0.0002118349481280332,0.0,-4.956005711389058e-06
-0.030031148736934677,-0.016152804044151866,0.020981823674146777,-0.008065866076357711,-0.005884326634603912,0.003902846799029987,0.0,-0.0064624005863618255,-0.009565698021713484,0.000355336378806442
0.06849103545569474,0.12267377372983213,0.030531990721124863,0.0010219945245322215,0.0085840637702646,0.19574133779804198,0.0,-0.029216817644255155,0.27071873062385904,-0.0025344621813211178
-0.013497140263604487,0.0021330018354176507,0.0,-0.011690893117347943,-0.008143151213681024,-0.006294253859604726,0.0,-0.019370167865086153,0.0,-0.0008485640563825853
-0.012581031582831073,0.0012376366414543576,-0.002616399408264797,-0.0003312235856040418,-0.0001618433205953014,-0.0007163150671654243,-0.012920285582904789,-0.002375133028424083,0.0,0.0014492171509447476
-0.010105634845398982,0.0011269438762643844,-0.005371725185477594,0.000172898644771928,-0.0014533812058880155,-0.001786946109452028,0.0,0.00019381321074177365,0.0,0.00017706809461750551
0.03384290337020138,0.0069605911697725245,0.0,0.002977176181944498,-0.014177795495419384,-0.001981022886475571,0.0,-0.041253687743893645,0.0,-0.015156434394839602
-0.0030070744582225027,0.00601630062327773,0.0,-0.005717349163739347,-0.0066081957040707105,0.01636335165598287,-0.015691185220804624,-0.004340865659140357,0.0,-0.0002692324146146258
0.0024603366020456907,-0.003389684359256983,-0.006313986561403928,-0.0016646938389840618,-0.0014454984974718427,-5.73752565844984e-05,0.0,-0.0003128613562064488,0.0,-4.7042392299356114e-05
-0.04052222038712907,-0.0022859076972001234,0.07121660259624987,-0.002287174918934665,0.0178773689491954,0.0025086804674589527,0.0,-0.005229047150837984,0.0,0.005000327668633955
0.018509984702279516,-0.040759350533996,-0.06490929155655747,0.001570835244043583,-0.0038660321932787478,0.005659971078958539,-0.022612201284156662,-0.0003535998696104624,-0.01594681575350425,-4.960548077774934e-05
-0.010390394586216394,-0.0008762810781125579,-0.003349065350078566,-0.0006430528599329323,-0.0013231963608980961,-0.002071269138030781,-0.023376956001356454,-0.003042136591543682,-0.0075078436401363495,3.1789050903788255e-05
-0.011748645459406178,-0.00010605106332402725,-0.008537541480070344,-0.00014793123349861223,-0.0017955613944566115,0.0007204385418149306,0.0,0.00036112544852545984,0.0,1.0536805479146281e-05
-0.004272748587426163,-0.0032988127093712856,-0.004747571124338628,-0.001619247171758604,-0.0008678610467783713,0.0017331714072708893,0.0,-0.0004016379079365737,-0.0035997053001479602,9.363523851916196e-05
-0.01417515570947495,0.001120200502805061,-0.012026307442239797,0.000215164274613509,-0.0004514569067665758,-0.001975555238397103,-0.055588524875982814,-0.0017338742866985792,-0.022323152637737265,5.173613857007691e-05
0.04153340706367951,-0.057306620682099976,-0.05725400717584084,0.01823890773642176,0.0054714367653077925,0.028308757705014738,0.0,0.005662812979303655,0.0,-0.0001383326457390227
0.007558333190401051,-0.02469108306656011,-0.01583286763182641,-0.0018893310159303893,-0.004383831395967505,0.007076912947178741,-0.011905364290816711,0.003437447750220572,0.0,0.001709780734105621
0.16876089317197565,-0.014477977701624584,0.17348847580866478,0.023286534318683688,-0.043814146552839384,0.03233741286694705,-0.02536135904437433,0.013271678797376257,-0.02056836045241986,0.01589637038888017
0.013068717741029657,-0.007010848599656205,-0.02091173536977292,0.008784486666680658,-0.004279846818348772,-8.787944546785678e-05,-0.025297503551473664,0.03527844175240589,0.0,-1.6253243873474988e-05
-0.009610846445580537,-0.0011112416259128192,-0.0017885263577150311,-0.00017210064974440475,-0.0005575582122373712,-0.0008488455149159706,0.0,-0.0033890515726022175,-0.005673196656321932,-0.00016598114914244971
-0.011745729854767966,-0.0006930794470406972,-0.0012978042903037453,-6.417580758884762e-05,-0.0008193073057066464,-0.0010587259535628755,0.0,-0.0003160283986177352,0.0,7.02072745811225e-05
-0.05467391360612146,0.02580408668183943,0.1284925890459112,-0.02398980337138204,-0.024169128684325004,-0.010998741352952451,0.34610763967476954,-0.010173821382762478,0.0,-0.003315553869029686
-0.024963152647523343,-0.02342398053873821,0.026192102745583402,-0.005362636002069398,-0.006394449712705622,-0.0033257750341656135,0.0,0.01793793279681785,0.0,0.0009095457988157029
0.023284757100638452,0.015733914613040387,0.0,-0.009786762339890936,0.0010102994478114191,-0.03774843059901517,0.0,6.63911843131082e-05,-0.022739098852844482,-0.007024684735144245
0.012558736700587419,0.01271943777009949,-0.008221414329981205,-0.0028495959099206864,0.004732401544845722,-0.01120113248772743,0.0,0.005027561078958046,0.0,0.003970311866653843
-0.0014807161696209225,-0.0025267264816910386,-0.005882652165886341,-0.0002698858175136804,-0.0014217380906932978,-0.0010125966791026896,0.0,-0.001354538980863664,0.0,-1.664200837117446e-05
0.1268579054532945,0.0023119032076542754,0.09456738192178632,-0.046195010654484045,0.08510051455551218,0.0697684496120465,0.0,0.023540721906060748,0.3152201103161106,0.03187463015143599
-0.062089558161238165,0.003268513318740588,-0.025297465210703633,0.023332542280520598,-0.0032820374185008904,0.0075589178518119205,0.0,0.03616971800011711,0.0,0.00010854033440351601
0.002732604443255593,0.0034657614060640356,0.005621423524584136,-0.0010440370840729726,0.012986719161885863,-0.01791658593361988,0.0,-0.0073040264794932116,0.0,0.009624731410692871
-0.0020076807465186095,-0.0020614950952924332,-0.0011695859373843254,-4.454380396238418e-05,-5.1036119465848114e-05,-0.0015770803777637443,0.0,-0.0019004885604815163,-0.017617644367074713,-0.0001787364407550062
-0.005255064134729379,0.0025153701424781086,-0.0073911148545844655,-0.0030801156886213652,-0.002586764279638782,-0.0027560755114073416,-0.03205227273397392,-0.0005806828008183054,0.0,0.0004213535770292168
0.01847805297182848,0.0032854729657258268,-0.015030702734589545,-0.004150820479210435,0.0039058904205590563,-0.0182873261176315,0.0,0.0020785973506586793,0.0,-0.003561292212743758
-0.0072142793458529145,0.002510622629059668,-0.006679617768458113,-0.0004856128282752035,0.0018462231189462625,0.002419650104862006,0.0,-0.0009381687942108328,-0.007287440285257946,0.0011350776610687722
0.017482885333984767,0.0067711736437490065,-0.00217330055471927,-0.007976289511896517,-0.007681977650102495,-0.01816783230511975,-0.012406229820190772,-0.005095632598372356,0.0,0.00016987061567401776
-0.0212269515421242,-0.00019955087955205592,0.014801514286396611,-0.008207913455197235,-0.004701705167767871,-0.006392583609724128,0.0,-0.00454796010213533,0.0,0.0002299443159758597
-0.006991009596480235,0.00043429659908154905,0.0,-0.0009264676554959564,-0.0007784297722621573,-0.0012296048128318914,0.0,-0.0019318191563667425,0.0,-3.442513790694064e-05
-0.0010597579215211276,-0.01244375359567611,-0.0026069646351483894,-0.0014048228379836525,-0.0016489948305021297,-0.00780721522964047,-0.008333049270841417,-0.0007726487632311741,-0.00856067801894079,-5.769802603039845e-06
0.15431681505708647,-0.07942754510576042,0.0315555508839897,0.03520781208494002,-0.003299783321657146,-0.08490607002125128,0.08943403936681356,-0.0631903098698402,-0.030792975442423286,-0.00922273705522555
-0.010015258364692243,-0.0016127134149584485,-0.012573036862950613,6.44693277254145e-05,0.0007591285353449447,-0.001281928662564132,0.0,-0.0018980264256282784,0.0,-0.0004203589645945669
0.135247740319475,0.05080831792536861,0.05086576349217801,0.005485975003994473,-0.01697301084118507,-0.04117475854064752,0.0,0.009370610113903083,0.0,-0.0020905750664289486
0.0980780670456113,-0.05467706670082283,0.05845729304553434,0.03467828302733481,0.016112770300711756,0.04955138466689661,0.0,-0.028075296484140977,0.0,-0.0001723036395623878
0.05687469208526256,0.03611925230265773,0.0,0.015174220527710083,0.013872934545223639,0.07669149324287164,0.0,-0.030869826967128866,-0.030102035518469916,-0.009817760194863199
-0.009459394950652768,-0.003912700366575504,-0.008904408094979726,-0.0004159703398673808,-0.00018427231410544868,0.0015189793074652422,-0.04353708081528656,0.0005348459224752058,0.0,-2.4220468953817763e-05
0.0556844597490041,-0.018915180513574176,-0.04400487263830592,-0.006716771955083703,0.012294021906359375,0.0076087690179882945,-0.04018377169049802,-0.003529848936785436,-0.011478234146625771,-6.427309955748251e-05
-0.024972532729336853,8.19484052357343e-05,-0.03392536580576909,0.0011950996546892833,0.001210506397881446,-0.0031059489813262983,0.0,-0.0011892580537399213,0.0,-0.00025920263496932575
-0.019598547033879074,-0.0002857926893975909,0.0,-0.00043599686791916234,0.001177392947944466,0.0014739978090832395,0.0,-0.0003349322079022325,-0.005278545833282783,0.00022160117309632366
-0.0039667756524831375,0.010152429831579027,0.021085063239678757,-0.007666119483192804,-0.01593171973664362,-0.004357285440903208,-0.014802692092986684,-0.0013653171737115556,-0.013691625735330448,0.0010876945291769656
-0.03262868105031945,0.0012700913819655615,-0.016117921378088765,-0.0007902481999268391,-0.0015322075834719366,-0.0020045285587409014,0.0,-0.0008864809424615339,-0.01706819867592403,-2.181786994247606e-05
-0.004613842793987513,0.011164658659279571,0.032222987542941485,0.0013780376782968466,-0.003115627984417905,-0.008311593661659306,0.0,0.0025322946830631937,0.0,-0.005268175647667068
-0.03370205919997585,-0.00019787270425930978,-0.006739870627329442,-0.0019840972491778036,-0.0016541883886626095,0.0002940012353270389,0.0,-0.0015325062763325817,-0.0072559235826505555,0.00014050442416526835
-0.019726485887081698,-0.002838266260871889,-0.008267695444368617,-4.790097877943947e-05,-0.0003521593663938148,-0.0011885493356451784,-0.013872237121501724,-0.00016523673047395184,0.0,-2.506326972754741e-05
-0.01739702365151644,-0.004076853692103444,-0.0018200265746761124,-7.516974892423437e-05,-0.0004216720621322854,6.56963405942566e-05,-0.007143199784880555,-0.004020299547483596,0.0,-0.0003700244823633906
0.008999711674010747,-0.0006513607637732455,0.09298496254419837,-0.04142610781602185,0.003664001628709257,-0.003929414855046854,0.18848811778676522,0.005482339444823658,0.11545455860275733,-0.019157959500699935
-0.02311863302568657,-0.0005417118806466534,-0.014788134831099605,0.0012398221385949125,-0.0010609501018244687,-0.0020504368393492547,0.0,-0.00019991819622182556,0.0,-0.00035402474195809824
-0.02207085576995288,-0.002815892545368483,0.0,-3.9590895695225047e-05,0.0017539927970584728,-0.0012670202899378352,0.0,-0.0026804928934365873,0.0,-0.00011619714985733158
0.008740979338615123,0.01255298349299765,-0.01833120975512838,0.004344292248033518,-0.008656323935961635,-0.019937981410186156,-0.014937263466607283,0.0003866598267747573,0.0,-0.0010112844297801404
-0.0032633605994941603,-0.013615249450909483,0.016434221504584776,-0.0021097729348899313,0.0015669561375239733,0.002016151049036232,0.0,0.0032728483277349217,-0.009261839385060876,-0.0006407586762244164
0.02559700499940215,0.04464064697090967,-0.017074101339280393,-0.0006290253131143883,0.0033233605426840436,-0.008508788253966301,-0.015616116007450678,0.037887806043623615,0.0,0.0016442030852390974
0.058997528570207125,0.016719530090971668,-0.011344264382975087,0.01751101048365878,0.000316881306349321,-0.009763101178163622,-0.025900785361927064,0.001518045704831676,0.0,-0.0002155663118481699
-0.003980848091702484,0.002059931573310697,-0.008461490867174478,-0.0018644223961793694,-0.0022505893529514613,0.0024502192291357776,-0.011799212926466417,-0.0006713209702682132,-0.00557070931522613,-6.778018708453424e-05
0.04503795175543844,0.017007550596348755,-0.032406485287615125,0.0012362900866106404,0.006237006828841801,-0.009022114018554721,0.0,0.007511349758186031,0.0,-0.0051278361299624525
-6.982705174195299e-05,0.0026263040949213107,-0.002253301705105325,-0.002618820714369501,-0.001483550339551215,-0.002012018006466256,0.0,-0.002398307107648224,0.0,0.0004963065879656977
-0.007001106790414838,0.0003790510093300223,-0.0018710577054611322,-0.0020006848176447956,-0.0008958412900671238,-0.0006610469870490625,0.0,-0.0004663861099819148,0.0,-7.029483807732134e-06
-0.006480385780514001,0.005926107399126954,-0.008355004235329994,-0.0002413732058014789,-0.001133545494223645,0.0011415791860446853,0.0,-0.00026722277252468724,0.0,-3.5264900990287715e-05
0.01614533112356561,0.012518199452680668,-0.015691753704660423,-0.005471921243092171,-0.027261322113460933,0.005554884867593701,0.0,0.0025887087202982294,0.0,0.002179018523282141
-0.006037485442893014,-0.0029183472167117223,0.0,-0.0012516697926883364,-0.0012807134272552283,-0.011884626360934106,0.0,-0.00026438643828886644,0.0,-2.951043402488092e-05
-0.00583857853693404,-0.0030797230496994506,-0.008232016762947356,-0.000880455075456097,0.003558087786400628,-0.000511751136934897,0.0,-0.0009133378186208425,0.0,-6.863397494143442e-05
-0.009686486405815528,-0.0029376833744687958,-0.009506367388995754,-0.0003908830948815117,-0.00017324434073484686,-0.001026452600901256,0.0,-0.0009295142484233226,0.0,-0.0001382307905110602
-0.010227301572791288,-0.0007572614055675797,-0.00287775175189491,-5.668923390068732e-05,-0.0010310803106377575,0.0006027613591653264,-0.022159365218269816,-0.0013208255315082054,-0.004576187241638932,-5.268690592773202e-05
-0.042581841909862764,0.007893511594994585,-0.0027139806450520677,-0.0012005752872120943,-0.0006189657424575164,-0.00036322406954596295,0.0,-0.002458363625646761,-0.006312827623182707,-0.00017360890987166733
-0.005483793878098821,0.003932484175982647,-0.013527136330370984,7.976644327657885e-05,0.002243273132915954,-0.004478568326872236,0.0,0.00017891742751046207,-0.015510543767327332,-0.00048826294069644895
-0.007632434408648349,-0.0007079693811749408,-0.0014005397041858068,-0.0001390471888496763,-0.0010865161214709562,0.0004879977341978972,0.0,-0.0003010053035657611,0.0,-2.0474325133062327e-05
0.01557540645360494,0.0026494712031467716,-0.03633202962438825,0.0009317720472951693,0.01823070077115859,-0.031342725813372094,0.0,0.004773548700313064,0.0,0.007090709342163532
-0.015094434420834812,0.012010488552513644,0.019708978930726116,-0.01784109751035638,-0.002909464235543763,-0.0053014166025504685,0.0,-0.00902052802276783,-0.0089526254394393,0.004829881295168871
-0.026875159900189537,0.0008563842786148652,0.0,-0.00032727945629609475,2.320436127192325e-05,-0.0013573915615381405,-0.03216331714607079,-0.0016509025712940022,0.0,0.00014862631666188452
0.004165529904400221,-0.02151533387716218,0.016275219822457557,0.007373797884305341,0.00024625843086599903,0.0015227392938088474,-0.013833824959291119,0.001375352195394755,0.0,9.347602055723853e-05
-0.01132285646423655,-0.007327459007138382,-0.014927853311085681,-0.0015367640078383514,-0.0004605934621725611,0.0013251221388749796,0.0,-0.00258724888261386,-0.004696327541484767,0.00010725437466457318
-0.010060000352664217,0.00044519144107504167,-0.011686573916995777,-0.000349064960926484,8.145021128079279e-05,-8.005032935678864e-05,0.0,-0.001741479498780207,0.0,-0.00027390550350064636
0.3547059697218165,0.0006096954595544823,0.1687687630933112,-0.03781874058871066,0.04374437797748628,0.06691896843611618,-0.011840379018354713,0.07604280293146977,0.0,0.001752343963326003
-0.015834693064603115,0.003146503969002133,-0.0024337931600677824,-0.0007881304295322628,-0.000367176387639709,-0.0014138795922422711,-0.013165658950689765,0.0012722208903561383,-0.005044427482072894,-0.00017398651773992726
-0.02270869699150796,0.0012747053822313678,0.0,-0.000770430938741931,-0.0011117963494392139,-0.0023559150501232203,-0.038227409838601505,-0.0004594611013905285,0.0,-5.944361327472857e-05
-0.005115623668007152,-0.0013916533458998453,-0.005914554045549162,-0.0002591769770481912,-0.0009392445324964844,-0.0012512342842672588,-0.005571157937031418,-0.00026976770840344167,0.0,-6.717200138134198e-06
0.008013759059152711,-0.003453258123925307,-0.003191301957681103,0.002552109782181755,-0.00021333229948483843,0.00783485180682875,-0.030110486459091847,-0.008561680391262063,0.0,-2.289571908528909e-05
-0.010950673394200975,-0.00010791600324119091,-0.01157887039673149,-0.001728440420588201,-3.4659019927970116e-06,-0.003036034895409956,0.0,-0.0005404471324414568,0.0,-3.548763380754223e-05
0.0659589731649032,0.018126869392315587,0.0,-0.005109066425579826,0.008729001193093998,-0.01142035128514228,0.0,0.012246191138234053,0.0,0.003272490441716952
-0.029212644794610658,-0.00031488595920956176,-0.025069472239269863,0.0015987602989193024,-0.0005734842105809986,-0.0033654054718436806,0.0,0.0005806757623079712,-0.022620649931543117,0.00014272672249247207
-0.013131739149839705,0.001311212861474368,-0.01100524086692018,-0.002647994009108373,-0.009264338053435715,-0.014440028223470411,-0.006407117210228008,-0.007404193042417254,0.0,-0.003791858259865276
-0.0128238832937233,0.003131607186737725,-0.008782302393073848,-0.0007668049636059205,-0.0006063345466256955,-0.001789905660442799,0.0,-0.00357326493143824,0.0,0.0002986339465731871
-0.007355234483044357,-4.305330161289926e-05,-0.016987150625688584,0.0007728947653624146,-0.0009315185685770177,0.0012713262642939315,0.0,-0.0013562653609639713,0.0,1.860174432986635e-05
-0.01178772044905287,-0.002648739381312944,0.0,-0.0004678261640472226,-0.0009124711198882929,-0.001055733053634254,0.0,-6.111367409098941e-06,-0.01901098924496712,-1.1976543535950276e-05
0.021054982126320416,0.008321712704889905,-0.003889562442654187,0.0019536753293911075,-0.028677806163959603,-0.12750926318045577,0.0,-0.014588983171038097,0.0,-0.006078675186323096
0.060665967180570525,-0.005002949582133537,0.1190461920101942,-0.002720657268871554,0.002003595007628342,-0.03950418049865441,0.0,0.019807298674630658,0.0,-0.017494126234765456
-0.0003051129224466863,-0.000556999202835807,0.0,-0.0013077037920589992,-0.0015107686960705005,-0.002869740367958473,0.0,-0.002346834228597991,-0.020857163249056197,-0.00040270957340929754
-0.0021572630961322553,-0.005383119263004343,-0.00814650658649625,-0.0016860712810597255,-0.00034558765423048653,-0.004847941553520174,-0.03557550193171127,4.186319560447495e-05,-0.004735214615015401,-7.563835759891342e-06
-0.0031889474891112603,-0.00260503797996912,-0.00489391047799883,-0.0043992116193299,-0.002673111703222728,0.003814923827845052,0.0,-0.00041323023743203535,-0.015175040338557688,2.9165542160651883e-05
0.0698201559868935,-0.05996122390914953,-0.018939398333382484,0.005616454974360652,0.030836226039620596,0.026806994730486915,0.0,0.0004062557994980676,0.0,-4.9961392665862084e-05
-0.01060007557479426,-0.012705298795586456,-0.004133348326222239,-0.001881456645188811,-0.0024176080359579106,0.002484864936482581,0.0,0.0046187849557164555,0.0,5.415655846226133e-05
0.15015009439285065,0.02200671618739565,0.26206027459602305,-0.03347007157302792,0.01769458381726917,0.0021823566728348177,0.0,-0.007246603976983529,-0.012775618602157146,0.004095458139528269
-0.013537593404626352,-0.0029758086055719016,-0.01449537082920091,3.070529473123695e-05,0.0013454793103414111,-0.0007881835692487227,-0.010080321059580205,-0.0004875548298577505,0.0,-0.0006442200990070441
-0.005085768292027557,-0.002328355102588814,-0.023612674926910413,-0.00013392088420477447,0.0008423513430130369,-0.000916925094160597,-0.020472305677905013,2.4703556306638305e-05,-0.00594019279388509,-0.0007349456922620804
-0.03258868549214763,-0.0023933157679187182,-0.0015758977527309133,-3.2518939086453785e-05,-0.00023233188592504498,-0.0010897666957213992,0.0,-0.0010552057669081776,-0.005452998718700861,-0.0003634249368814649
-0.005062238454468067,0.0006534422149277432,0.0,0.0026142381787628392,0.003257872379703175,0.0036320658446637546,0.0,0.0008786161658915666,0.0,-7.848700877172259e-05
-0.0030506769479764872,-0.0037455668338840674,-0.007498075331451111,0.0006306326187100223,0.0019147068540199049,-0.005478490948898959,0.0,-0.0032008714414022282,0.0,-0.00018935302160709815
0.098225291826598,0.025525520051231453,0.08593215583028747,-0.023820927620304733,-0.02356954392565829,-0.011545414643149765,0.2221368139593058,0.0053245371334796785,0.0,-0.02019712581721968
0.03774121597916348,-0.0042568264591704204,0.0,-0.03536134992092708,-0.04014925025235982,0.003835913362722691,0.0,-0.013404392224099304,-0.03229973325563966,0.0019785453117994803
-0.010729889828572928,-0.0018303687107446274,0.023481903521821643,-0.0005295972696028106,0.0015783055595258576,-0.004139402187677076,0.0,-0.002403445267261402,-0.05116406557195653,-0.0012910886822645226
-0.014780904029190777,-0.0012795515441664073,-0.013655468483958016,-0.0007571353805909239,-0.0012943794469671979,0.0015703833729529943,0.0,-0.004751502479442794,0.0,1.5759640616792858e-05
-0.029845293312401155,0.0034788995570997094,0.0,-0.0005010044117739522,0.0012447663257810543,-0.005256945256171301,0.0,-0.0010140933924400956,0.0,-0.0007990480807672061
0.07921529332063511,0.03403507967462902,-0.10315506419856382,-0.007275134908570744,0.016799233077873944,-0.06073062220495248,-0.03214234949267024,-0.012999468794565108,0.0,-0.0023769301075075118
-0.008879520308489344,-0.003187916306162704,-0.001786804201410444,-0.00021492107189248662,0.0018710592942641046,-0.0014163478756524894,0.0,-0.00027277372393781033,0.0,-0.0003092984527572194
-0.09433665070773609,0.02548520225511199,0.07797907222159821,0.020186668684768556,-0.0285960904458386,-0.011342120698284608,0.0,-0.02385514247921321,0.0,-0.0008568244396128216
0.06485452830837665,-0.00951432213874689,0.058211556316040504,-0.0037001740068924537,-0.016782553840933388,-0.010240159112273998,0.0,-0.005909693393242811,0.0,0.001628190724220939
0.020590157259661658,-0.005912679889734188,0.0,0.017579552339184165,0.008164100107207101,-0.014026539864243048,-0.023338174918700196,0.0019008066744855931,0.0,-0.0010383005084841274
-0.01188859308505375,-0.0015803264052446572,-0.0013680699904464492,-0.0005243341143499169,-0.0012310333787005781,0.0010513151864128634,0.0,-0.0006574135433163591,0.0,1.989269753387493e-05
-0.02318821290000555,-0.00034277641362737734,-0.010864145861860587,-0.002697750877078441,-0.002251643982514191,0.005134560611781582,0.0,0.0007804428617825445,-0.004968941057543275,-0.00010698575630622813
0.015406969183306068,0.0018217889822319442,0.0,-0.0058245384767538835,-0.0026399226179412982,0.006229060029888923,0.0,-0.0009366098374252515,0.0,-0.0029613323290384346
-0.007493957063355826,0.0061037835061135606,-0.015070721612070806,-0.002639128470889405,-0.002699196024151436,-0.003447225340264413,0.0,-0.002679920653073852,-0.006178169002873877,0.00022980236236451386
-0.014782214372591838,-0.0009287147231182783,-0.008591789097470824,-0.00018811770187177786,-8.93326547064385e-05,-0.0010327980483152428,0.0,-0.00042614810430040143,-0.02276085306722848,-8.844368842835125e-05
-0.010579927024752873,-0.0036260305916639016,-0.009101677309840498,-0.0002955640785615228,0.001966148286291906,-0.001647229097622957,-0.031175713770106157,9.438422762741514e-05,0.0,-7.531265578239154e-05
-0.0391614038341874,0.002225892962923049,0.0,0.0007232906886461525,0.001752647868374395,0.0019890711204097722,0.0,-0.003536115581037094,0.0,-0.00021977716745713097
0.2603150221478597,-0.025379675461556304,0.15906141330104734,-0.060557355127847434,-0.06625021321097938,-0.014427507852083576,0.0,-0.013154294369835862,-0.013553426402123559,0.0041095245199447685
-0.005601996892148552,0.0024478561030902555,-0.009046058059710689,-0.0004052426219337974,0.00021084792242954744,-0.00278386630534871,0.0,-2.602571626285806e-05,0.0,0.001961703016590893
-0.008534238010410682,-0.0007350856077154597,0.0,-0.001090278580044836,-0.000805419332263957,0.0009344972982584477,0.0,-0.002318037487449646,0.0,-9.862555550265456e-05
-0.007723687733550169,0.0005788887480646021,-0.006513408457299916,-0.0013522496114234674,-0.0019270368027963613,0.0003510721071525051,-0.010153692353996357,-0.00047221694438023213,0.0,-3.7076203037340015e-05
-0.007563406199046016,0.005012242948807364,-0.0052469555772389105,-0.002714548317576991,0.0037675500448771182,0.006220124420492212,-0.037676368727563594,-0.006750098690808402,0.0,0.0013743326634324377
-0.0053560637322371246,0.00678003899490251,-0.03637204957824935,-0.0028836217661507117,0.009753816713978377,0.018540494211705248,0.0,0.004351627585191631,0.0,-0.005547027865504811
0.03490850204879821,0.009165193711779668,-0.0051011751962827204,-0.010511357735545164,0.001439209741772226,-0.03110777670284289,0.0,-0.016078091517102416,0.0,-0.0009091290325806814
0.16933643494950196,-0.031350658970341685,-0.010061733626026836,0.019166580828349367,0.025335149270412104,0.07644659042573805,0.0,0.0019463050783680963,0.0,-0.01558920463974292
-0.07388218789670593,-0.0014244643946637228,-0.011202691348173864,-0.0004251572259094803,0.0011340813521065504,0.0033479923406853503,0.0,-0.002191472294773936,0.0,0.0002452155450199696
0.01587939003835958,0.009577756519484015,-0.016062484865567373,0.015300235893235392,-0.0007031547758698034,0.00539741894576872,-0.023079223030190575,-0.004548333777020841,0.0,0.00027935241071699315
0.12232531689360479,0.03790643583798677,0.09824048497197164,0.060469820623084244,0.004551638065883765,0.010089599981456926,0.0,0.003175844726860924,0.0,-0.007607970868858377
-0.00642706609371525,0.00042310856364898973,-0.01429117370867552,-0.00033086463619681387,-0.0008727059327127962,-0.0013060128273291727,-0.008147939476977915,-0.0018461312410210536,0.0,-1.3040143617414416e-05
-0.013855370248368238,0.009740001718812466,-0.01870915192468873,-0.012221814577383814,-0.0037570465841234384,0.0056126110973433166,0.0,-0.004408000074822786,0.0,0.0015557197991796765
0.006905602203813685,0.01054893896119746,-0.003909551946036836,-0.002142311005770091,-0.054797012942431736,0.0037298892061464035,-0.014554182603493587,-0.0013408778607291992,-0.018643681736138996,-0.0035193296585811344
-0.09824345244433898,-0.1155452799088488,0.037941920746488104,-0.0315208085482885,-0.008525738257228903,0.009366095772900273,0.0,0.04295268454950345,0.0,0.00026639563330197596
-0.007927715927200298,-0.0021264727131198127,-0.010835377057194912,2.844888426938698e-05,-0.00035813332912115547,-0.0008164097513350679,-0.004384287821051879,-0.0022535583342529406,-0.006202335827246347,-0.00014794059221108846
-0.009436343250867067,-0.10463144418884288,0.04525043514231064,-0.027904882817173883,-0.005951601404454693,0.0018114921149533197,-0.01919672574230779,0.002369450175172516,0.0,0.00024851999303191624
-0.01357485341490997,-0.003193129128355325,-0.017611639581915958,0.0009498649744581888,0.0024087081286761894,0.0015273184768111636,-0.026928144777828157,-0.0076834919768940775,0.0,-8.89598658753963e-05
0.047532038849686854,0.016815085846183582,0.0,-0.004791540554451287,0.011397602901482295,-0.022440753988131643,-0.02145717670663109,0.009818638600976409,0.0,0.004981422824455373
0.01641899617263743,-0.01982160842223797,-0.012413041868702387,-0.0007611542327236366,-0.004456664177261058,0.003572175160628134,0.0,0.002623022982645035,0.0,-0.0006428635127324903
-0.019735994045888165,-0.005763142834094564,-0.007007640459555271,0.0004718712936040901,-0.0004896403990240855,0.0038534515398700475,0.0,-0.0016537932734257076,0.0,-2.5528865025236865e-05
-0.009089317041104385,-0.004548199795519539,-0.004226911973388732,6.865228710014083e-05,-0.000505798302019571,-0.00048036880636085407,0.0,-0.00039254985046634336,0.0,-0.00010124885545771704
-0.004289195450129106,-0.0049891008905111256,-0.0033691837780108016,-0.000956229147785252,-0.0009118783699421359,0.00028600394714294893,-0.007830309945245134,-0.0003274784287056482,0.0,2.190390553277015e-05
0.0601514697246886,-0.03427478786674448,-0.01840712560217464,0.0053244129345628565,-0.005456963156215734,-0.014633073232060595,0.0,0.007975543165970276,0.0,0.0017998103669988926
0.07666574490248532,-0.04731530197022704,-0.022897916119128288,-0.024083515968980968,-0.007837331697032704,-0.04231647533253714,0.17259995845338952,-0.0026555910540174755,0.0,-0.0031818495303961693
0.06889851652439949,0.02161148482320594,-0.038922110301960244,0.005820202072314923,0.022982810076277532,-0.0035444209833435407,0.0,-0.00013752738552824385,-0.02322713330323441,-0.00012717892076227755
-0.009136513426732685,-0.003286992091506312,-0.015033071485584864,9.374819046164854e-05,-0.0004486667880594414,-0.0002786946527170971,0.0,-0.00014771983465952106,-0.004757818790041597,-5.5080657151861805e-05
-0.03036597735492782,-0.009159394630611828,-0.002551522939898763,0.003981588344272337,0.002124944073867271,0.00508755750197199,0.0,0.00242609214448749,0.0,-2.639740440845209e-05
-0.02573590646800178,-0.11003707782421142,-0.006475548690188649,-0.005113486634422837,-0.0011621845317997827,0.00777760304317551,0.0,0.028113053496958872,-0.00881497887509583,1.2888776324249811e-05
0.01835921650931093,0.006279937094706286,-0.01594141672298624,0.0012190983477732968,-0.04044360514987245,-0.0635010880531269,-0.02478043123402665,0.0036839433356962775,0.0,-0.014335603370004321
-0.008382312074785524,-0.002238439296097736,-0.007525459521105936,-0.00023792404097110675,-0.0006708909010361624,-0.0006841350969871525,-0.006235588124646217,6.904800188746156e-05,0.0,-0.00011738973067069864
-0.01126308764180795,-0.0015324407630416164,-0.006030234385262725,0.0005065331903214122,-0.000658145939997056,0.0004132094287426026,0.0,-0.0033624445538393195,0.0,-3.8658975734492256e-05
0.020586289734572903,-0.017378528897448287,-0.008894128259602011,-0.016291019495907243,-0.006983829009106485,0.015875172737299135,0.0,0.0005041406796245963,0.0,-5.177425919292156e-05
-0.03150613645636592,-0.006409460992428434,0.01912833945234337,0.0011141926862928274,0.0061302592148408,0.011733801410059167,0.0,-0.0024151047666306443,0.0,9.30967805039748e-05
-0.03525786729739311,0.008957839038057075,0.0,-0.02031698404116124,-0.008964464937603651,-0.001144606997111612,0.07440590538048267,-0.007029801168308193,-0.030985039884942223,-0.0007066557640473231
0.0571013198241148,0.039742768375113494,-0.03493435308880182,0.01597299739939865,-0.005890532006265978,0.037498969501430834,0.0,0.07254664565470138,0.0,0.0049014544562622385
-0.023816877645470372,0.003901834115821084,-0.015742584790641688,-0.0011949787208372464,0.0020749587664212156,0.0015007662387500759,0.0,-0.0010856463063524172,0.0,-2.0799256728643717e-05
-0.013633170313321504,0.00272295951070181,-0.004567860818949681,-0.0005188853608870102,-0.0003290543795620429,-0.00240006014798329,-0.008903579808716583,-0.004806579315623255,0.0,0.00016540162140016944
-0.007990397631946372,-0.008351407058834588,-0.008042442598730304,0.000515385073446709,-0.0011486133078339928,0.0034184608538601153,0.0,-0.006339384605671511,0.0,-5.685578853458218e-05
-0.07265177838354789,-0.00015870323699231878,-0.004991772088478509,-0.0003604900042296131,0.0017127274706207854,-1.1504857310655481e-06,0.0,-0.0011061024472649194,0.0,0.0006139970150837547
0.022815998782778,-0.0021600275715623245,-0.025064465651254576,-0.0009213416673237391,0.003167137614529666,-0.007045869232194685,0.0,0.0010072063812124068,0.0,-0.0021880323443610817
0.017855687368598043,-0.0019113888468715288,-0.0027529283477518334,-0.005164204067449949,-0.006611894846690516,0.004017794471883928,0.0,-0.0009919048100537162,0.0,0.00011243377492985568
-0.005671082336349736,0.0011905488600212702,-0.012455287894289452,-0.0003592667766813714,-0.002990624855221954,-0.0012335811932746024,0.0,-0.0023181346328920937,-0.019557052329686325,0.0006037523209818015
-0.012560378060905745,-0.00038370832708116106,-0.05306831347438301,-0.000761370759823143,0.002369032433130595,-0.0016800880388789623,-0.007682570595112248,-0.0009226332170709885,0.0,-0.0005559541741149987
-0.024013446332491,-0.0410234457968283,-0.018508514591855124,0.020246561948651185,0.0023639091117444505,0.0014294921851192687,0.0,0.026570687657876995,0.0,-4.5076743108898173e-05
0.030921322480791602,-0.01004423754563212,0.0,-0.012485305664152738,-0.012416824303707902,-0.0007468830769722685,0.0,-0.003915033080785775,0.0,0.0006614750449355285
-0.06595171617569176,0.0137949024841682,-0.014224986321717936,-0.04794503852917402,0.02547540614872217,-0.014163818094736552,0.3016540849305857,-0.02132395037018625,0.0,0.051969750923519874
0.13013462488947805,0.029664740875017713,0.21883816134950682,-0.007262953643716613,-0.06234146272010407,-0.18492572561904502,0.0,0.04852520928685881,0.0,0.016728246328901502
-0.03173473491466926,0.0026758682540483835,-0.026492996789255974,-0.0007859195054974004,-0.0012201448058066018,0.0048109219895260185,0.0,-0.004112809000797593,0.0,-0.000662246295948242
-0.01453174935496222,0.0008635667343528067,-0.001901707510027445,-0.000826170363203639,-0.0010254753093267587,-0.0014393857376590595,0.0,0.0004627907668704967,0.0,0.00022535423649905646
-0.005562469939474073,-0.002148672335999528,0.0,-0.0013989954230803833,-0.001466655481924008,-0.0007227329394095904,0.0,-0.0002597841838827788,-0.003546942418160078,2.1010815997504762e-05
0.013907782908159938,0.0018693233649083028,0.06290393082398046,-0.028209401831521902,-0.007841455974462749,0.0029245812190228882,0.0,-0.0024928987171289204,0.0,-0.0007270197403242723
0.01369377420818679,-0.010215469250182133,-0.007274663896881627,-0.0027896653001566697,-0.006140479336778669,0.003035438489719421,0.0,-0.002509771393808432,0.0,6.966981357493275e-05
-0.004274178897079708,-0.0034237493318214963,0.0,-3.5668930739353886e-05,-0.0005870208622278802,-0.0015512429225230423,0.0,-0.0006083277212664014,0.0,0.00012089561981543608
-0.003997687098270307,-0.0035922569911812008,-0.005889658816797191,-0.0008211240460732603,-0.0003217585633231861,-0.001155195735915801,0.0,-0.0005516036180179524,0.0,-9.435823810166749e-05
0.21966822574711659,-0.004021275311172146,0.19325857672223812,-0.042063749637297296,-0.00895412965661958,-0.03437967382429786,-0.012703724106451103,0.028454867509358828,0.0,0.027921151575038848
-0.010500006347601834,0.0014535524662961604,-0.006699438113266147,-0.001234541748517395,-0.005739874921391368,-0.005437936696723265,0.0,-0.054298852665905104,0.0,-0.0008244012740234547
-0.017349475086020926,0.011137971905433152,-0.00822065615820436,0.005876426902122924,-0.02422480501033952,0.0111320062607672,0.0,0.0028628995268580866,0.0,-0.0004305228415802935
0.05989061707033091,0.02415591348813212,-0.008936822206169181,-0.0110860226996654,0.03463602750253253,-0.06580026671348611,0.2692820399652728,-0.005228869115852908,-0.00680698909868741,-0.010743631476063813
0.016546199587652865,-0.008982400804561716,-0.04937830253251656,-0.0004960864319207136,0.01204757893626043,-0.009519959162943296,0.0,0.00039753787395039876,0.0,0.0025578705273853093
-0.004689924343552865,-0.0018834721701856496,0.0,-0.00026758028597511355,0.0003571612630444758,-0.000710073816914553,0.0,-0.002152750708065654,0.0,-0.00010666643068085128
-0.008367020220633391,-0.0016609070808917697,0.0,6.2109368146245555e-06,0.00034866650035311335,-0.002936317467798961,0.0,0.00016257866263494,0.0,-0.00013588685849443143
-0.020330142567588423,-0.0014765391354049535,-0.012440694502360452,0.0006922887466531607,0.007718310389033603,0.006120804630370899,-0.015884660742813788,-0.0021904391574336093,-0.015934360819583403,-4.1515570868998555e-05
-0.004524077585783115,-0.004524690746873051,-0.006147134649528105,-0.00010258992547053144,-0.0007957906076502625,0.0013630760889660359,-0.009323564136824726,0.0033448282349066117,0.0,-3.1569514629667395e-05
-0.012648604817449477,-0.0020862949177354786,0.0,-0.000753890822225013,-2.4268852618531365e-05,-0.0011018627265758324,-0.00474804885731663,-0.001450218884227431,0.0,-0.00016685345491575408
-0.0019457886315776877,-0.0023699125527750454,-0.006956053959994211,-0.0004193704174662345,-0.001190576660843325,-0.0010159167834721129,0.0,-0.003607374675793415,-0.020787906632400644,9.314613675610612e-06
-0.012161140202245988,-0.0031006677927319587,-0.00912004426849305,-0.00014801122959580293,0.0018647770669334954,-0.0006629673300003573,-0.00571969606987319,-0.0010463250489158367,0.0,-0.00012363004338561377
-0.003912193994545713,-0.004329768104410038,-0.007094085345243731,0.0006910299730717474,-0.0007300693122507232,-0.0006543025533892949,-0.00699550903836241,-3.73927720469955e-05,0.0,-0.00021243276236403768
-0.0164793503118267,-0.002282961117955311,0.0,0.00014981754163146869,0.0017353077577484152,-0.001714295016165521,0.0,0.00033044549685097845,-0.005779480049103751,0.0004016560516689792
0.010871536966563183,0.0033278403972912657,0.019832975644891303,-0.003510403608256909,0.016232408346275765,0.0005726997985932486,0.0,-0.003995687116039803,0.0,0.001471195032041219
-0.005881426481911597,-0.0026669800456277995,-0.002921015863449605,-0.0011862510785121093,-0.0021937370591523482,-0.0014449452109943559,0.0,-0.0007403132618457821,-0.003076516677134779,-2.5263429783099407e-05
-0.008673137802973175,0.0018990217518264896,-0.013246172019558957,0.00010923695839655921,-0.001228677557644876,-0.0007274372845659631,-0.014812118341118105,-0.0033686043701107128,-0.025729986440210052,-0.0004768966228228623
-0.01070642874970131,-0.002702320596855607,-0.012448589976943968,0.0003508599554984244,0.00020842820835053846,0.000766521758840651,0.0,0.000590861958828548,0.0,-1.6324693472046827e-05
0.07297620241541494,0.03116610825074565,-0.033667384036913175,-0.0003153335591511416,0.032930683714174264,-0.06203266690074376,0.0,0.011342160026681552,0.0,0.007231549829229016
-0.01989671414679925,0.0072402306049322756,-0.027289075462705963,-0.00020478209644538697,0.002464744945147099,-0.0025448963985372957,-0.013750562901602773,-0.0012096889986317788,0.0,-0.0012131182258500422
-0.03325931533510916,0.003171089884123393,0.027985216126532986,0.0024953146771830846,0.00754048935462911,-0.016849596520229545,-0.014184504815967853,0.0002846554809059376,0.0,-0.001653947847981336
0.1059928604842062,0.04296037183437122,0.11660556403660956,0.043599593069566976,-0.030586149782862948,0.05887449456065499,-0.03443774350025623,-0.013101449083542147,-0.042720072056571766,-0.009387724975845701
-0.023214911283606178,-0.0026356607181532766,-0.006272315368896579,-1.8728067122490005e-05,-0.001292148215811019,0.0024886429785094736,0.0,-0.0017867293129866083,0.0,-0.00012891375201258895
0.009905013145375622,-0.00798000810167245,0.0,-0.0022868624010533695,-0.0003300920855391916,-0.01483928060880019,-0.018293982829794768,-0.0045419744250886265,-0.014738377955098813,-0.0020960161155534895
-0.008198582920228686,-0.0030545123316718516,-0.010197834377166896,0.00038734076773269693,0.0026194574342352796,-0.00041736540321149886,-0.01848571245738566,-0.000980017655298007,0.0,0.00036561800272461845
-0.022645785023897462,-0.0015481187392318864,-0.013516292285766734,-0.0007406013246437724,-0.004807665524921874,0.006215455876227992,0.0,-0.0011451201363712731,-0.010919182256112336,-3.188007466671562e-05
-0.012188902359755888,-0.004600679998611924,-0.011927870257733144,-0.00037856178607752704,0.0036654129846063,0.0003713094514033864,0.0,-0.0011088431348055075,0.0,-2.3050107128314013e-05
0.09815912155700615,0.05297358726122414,0.27488050489952387,0.025625120235898136,0.016566782991338826,-0.012316003189259916,0.0,-0.003570712329004022,0.1735136208291673,-0.021302288253191137
0.033280021890860316,0.0018970852078893194,-0.02601006426682322,-0.011698557330746139,-0.007378047793963878,0.003669892850694482,0.0,0.001326150147089953,0.0,0.0005066216069361251
-0.010507244620517277,-0.003169771052588312,-0.006791936795977232,-0.0013901266343361442,-0.0010556860523954097,-0.0014054722426318797,0.0,-0.000724340656579159,0.0,7.953421693684074e-05
0.025735071678279032,0.013402895858006778,-0.02224108393385759,-0.0024140059708307043,-0.004031408527103267,-3.954967416779226e-05,-0.03282194174380558,0.0012464554419803994,0.0,-0.0029701681718042024
-0.01809436917494082,-0.0036307919828932832,-0.0035521638983375425,-0.00018392612740080125,0.0014336581560345247,-0.0011904579416270624,-0.019499026448779905,-0.0017411980386666393,0.0,-0.00026315864000051313
-0.0482432415522668,-0.03261540198682335,0.05473848887148708,0.010445480392023442,0.009717076820482303,0.0076128118001557304,0.142589764461192,-0.015623181007040406,0.0,0.00024406470367059342
1.5873194089704133e-05,-0.0020150640950552497,-0.013373776500458729,-9.264518786997484e-05,0.0005004532062928906,-0.0013603194304937284,0.0,-0.0005773275676738951,-0.004715968926893031,-0.00019755376182729913
0.01182928062355228,0.011079461959039675,-0.003937819595093089,-0.0010574859167106466,0.0008689906063359763,-0.005325772020683007,-0.0121539726984678,-0.007470906772183856,0.0,0.0017927385301321846
0.03137307235797991,0.01008087825798228,0.022165802865282032,-0.02456767411494446,-0.005903695380005939,0.002525166230525934,-0.01903890297349371,-0.008452999423054447,0.0,0.0014906173928919755
0.0010752815568495183,-0.005561462530419893,-0.010317080529634043,-0.0012018354933223817,0.00038833008470009393,0.004476205733160295,0.0,-0.0007974834556772305,0.0,-8.132140719497096e-06
-0.0028907909932685345,0.0029202695349560747,-0.011887833506069746,-0.0004932139994580639,-0.0038173957514169325,-0.002788041131210297,0.0,-0.0017027851995553137,0.0,0.0006024523138066128
0.02114806603168337,-0.003093587221642812,-0.01981680586967784,0.01479968621998628,-0.0057068904811830926,-0.0023065410825175367,0.0,0.002499694085160875,0.0,4.830505887985087e-05
-0.013111241606859952,-0.006566671963449407,-0.04123930866555684,0.0013560486818770423,-0.003446779244564529,-0.0034592058137888405,-0.016442903363908273,0.009312354396940389,0.0,0.00019714824650473133
-0.013270585297215653,-0.005164839324356931,-0.008849492245809231,-0.00031398672539813407,-0.00031341909623754745,-9.475491291945863e-06,-0.04162132220701422,-0.00033201169499912986,0.0,2.250252696403693e-05
-0.008115356676150171,-0.002282290788415887,0.0,0.0008513569818866317,-0.002185239182682118,0.008818242556352541,0.0,-0.0059892802037630226,-0.009218978588099964,-4.7918600639663966e-05
-0.005372507335263652,-0.0017741029928386397,-0.00923408369314761,-0.00020831265013155292,-0.002613559149054517,0.0006930961661846567,-0.027026983000415637,-0.0029963197021641934,-0.0036904004857234475,3.9564549448738856e-05
0.06483555898899077,0.011297488420198811,-0.010986105730578713,-0.0062523588783207264,-0.0010867944609810054,-0.03180553700187674,0.0,-0.01260743820823761,0.0,-0.012214631093233577
0.0020658191926036336,-0.010787394799470126,-0.006208345557719952,0.0019020129084316886,-0.00029078498827760855,-0.002792730061928146,0.0,0.0008275189251789227,0.0,-7.059274129230103e-05
-0.007564758569083774,0.0018926164383678205,-0.02145475268380885,0.001321923171055926,0.003091151960803504,-0.005170587487214515,0.0,-0.0020343116311441626,0.0,0.0003575933574648159
0.07457142703745136,0.026565058359782463,-0.06124841139852912,-0.0070994569070970725,-0.015163681782103252,-0.027408912819834874,0.0,0.018411442272093556,0.0,-0.00545866317085941
0.02007726046762562,0.0004274036533721548,-0.013506902839069981,-0.004680701970540488,-0.005505321016108672,0.0026530794006275143,0.0,-0.0019782670045294807,0.0,-4.1569314855076366e-05
-0.0016409596073362384,-0.0029449460495029715,-0.002920318195742653,-3.0086416482402906e-05,-0.0026436673823042067,-0.001075858101251824,0.0,-0.00032443817507253126,0.0,-8.656043129897511e-06
-0.008993595719882144,0.0008880994689206908,-0.010720086407468696,0.0002466197560789574,-0.00095436891104321,-0.0013299750212976903,0.0,0.00021383723034581887,0.0,-7.326164861622391e-05
-0.016414852703612006,0.0014003442212977813,-0.001925098838249234,-0.000701371702196313,-0.00025430771017175626,-0.0014014139760774702,0.0,-0.001985060707248846,0.0,-0.0003636513845735018
0.006564465489122082,-0.0077906969206045186,-0.012589595535928555,0.0006348758113493676,0.005832292965816763,0.008874441922907397,0.0,0.002017728341334419,-0.008177178137295142,-0.0007420824045720708
-0.012451755036127327,-0.0005841995775554419,-0.017011315253664137,-0.0009766222153675258,-0.0008747633627186606,-0.0030676129118601104,-0.024459822572931895,-0.0029043083905973092,0.0,-8.408693536996331e-05
-0.006167752664693353,-0.0012911410002709833,-0.0041177900854152474,-0.00041121164076211283,0.001919216976853403,-0.0028897273907248894,-0.018441718522530296,-0.002256823622092821,0.0,-0.0001650092944208821
-0.01003448197294458,0.001264795772651736,-0.01877956017085918,-0.0002620246729199714,-0.0015787330060814842,0.00028221770279435507,0.0,-0.0021919588781741913,0.0,-0.00022466946092792456
-0.016738003272094147,-0.0024812355932654984,0.0,-8.60004521797953e-05,0.0004856194479254829,0.0005229275444933844,0.0,-0.00036029882399715143,-0.02171852954452213,-0.00016395998880751415
-0.02149986676324394,-0.005040771900335467,-0.004769943006916081,-0.006035840482252047,-0.012361033036041559,-0.0007301753912824768,0.0,-0.010536962791665463,0.03092245808408069,0.0001270531086117778
-0.0061982799067967324,-0.0026385617701260196,0.0,-0.00035707420636922556,0.000439123901089945,-0.0014142525095254097,0.0,-0.00020273142288604885,-0.004629815812914368,1.2278710763313251e-05
-0.02871469137010812,0.0018410106831901133,-0.012608358077586262,0.0024265323400104594,0.0017914960003949792,0.0015140177290155258,0.0,-0.003832308820094626,0.0,-3.9880749748305924e-05
0.09592363365374947,-0.07263678538284764,0.1995832895085642,0.0009947295115855016,-0.04115710515249535,0.03431075053156126,0.0,0.0004059025299111674,0.0,0.010263214859624337
0.1440217749015785,0.05845815185913204,-0.016989934300370546,0.0023761632485320315,0.023313798965963372,-0.09854935122310997,0.21741885980141773,-0.008887001134004424,-0.012986747521692748,-0.026760774801443697
0.2112815259748313,0.003864511059246989,0.09148335319686106,0.042323429789705505,-0.0072005125523384225,0.009872698939338075,0.10421857985616248,-0.004664784233323549,0.11102631180184766,0.025431959218656174
-0.005104514571982336,-0.027448878574446018,-0.0016746365337147648,-0.0017130309832207602,-0.0017744667697442648,0.0012276785499290375,0.0,0.0022758182625838225,0.0,1.7941778531145418e-05
0.04675209791518374,0.06060020298147375,0.0,0.014884748883827561,-0.01600734001814865,0.019063029147586005,-0.031204174610367487,0.0009360104482067977,-0.023683764960504762,-0.005770349372406336
-0.0040793063754760404,-0.0009755614912140394,-0.0063481230152615965,-0.017937026857413472,-0.0065229671043178505,0.017648804288344727,0.0,0.010488205418690024,0.0,0.00019730388477522467
-0.023114743841192647,0.0005888394943400997,-0.004681626638633744,0.001054421945597735,-0.0001650865220455695,-0.0032308400900707595,0.0,-0.002972867594322085,0.0,-0.00012647790979059687
-0.010313558466378693,-0.0004103483366579819,-0.008768247283382043,-0.0004389674958163222,-0.0009074450863188628,-0.0012374029888943872,0.0,0.0004911504290973877,-0.0041946721485407006,1.914916163237076e-05
-0.014526117126923161,0.00018010615815191954,-0.009713109580835887,0.00012160512927028108,0.0016070954683632468,0.00027539866575194,0.0,-0.0020386586167037146,0.0,-0.0003182901185331386
